-- Adminer 4.7.8 MySQL dump

SET NAMES utf8;
SET time_zone = '+00:00';
SET foreign_key_checks = 0;
SET sql_mode = 'NO_AUTO_VALUE_ON_ZERO';

SET NAMES utf8mb4;

DROP TABLE IF EXISTS `articles`;
CREATE TABLE `articles` (
  `id` int(10) unsigned NOT NULL AUTO_INCREMENT,
  `name` varchar(191) NOT NULL,
  `slug` varchar(191) NOT NULL,
  `description` text NOT NULL,
  `created_at` timestamp NULL DEFAULT NULL,
  `updated_at` timestamp NULL DEFAULT NULL,
  PRIMARY KEY (`id`)
) ENGINE=InnoDB DEFAULT CHARSET=utf8mb4 COLLATE=utf8mb4_unicode_ci;

INSERT INTO `articles` (`id`, `name`, `slug`, `description`, `created_at`, `updated_at`) VALUES
(1,	'Contra Ca\' Cornaro Palio di Romano',	'contra-ca-cornaro-palio-di-romano',	'L\'associazione culturale Seriola, il 13 Settembre a Primolano. allestirà lo stand <em>Come Xerimo Na Volta.</em><blockquote>\r\n<strong>Rievocatore del Palio di Romano, si sta sul pezzo, sempre</strong><br>\r\nProprio così, sempre sul pezzo quelli del Palio di Romano. Si collabora a destra e a manca per divulgare e farsi contaminare dalla bravura altrui, offrendo il massimo, per veicolare professionalità e passione del primo ’900 che contraddistinguono la comunità di Romano\r\n<cite>Associazione culturale Seriola<cite>\r\n</cite></cite></blockquote>\r\n\r\n<a href=\"https://www.facebook.com/contra.cornaro\" target=\"_BLANK\">Visita la loro Pagina Facebook</a> o il loro <a href=\"http://www.paliodiromano.it/\" target=\"_BLANK\">sito</a>',	'2017-04-30 18:37:29',	'2017-04-30 18:43:53'),
(2,	'Welschtiroler Historische Vereinigung',	'welschtiroler-historische-vereinigung',	'<p>Il 13 Settembre 2015, la Scala dei Sapori ospiterà la rievocazione storica dell\'associazione Welschtiroler Historische Vereinigung.</p><p><br></p><p>La &lt;strong&gt;Welschtiroler Historische Vereinigung&lt;/strong&gt; è una libera associazione dilettantistica di rievocazione storica istituita con l’intento di rievocare e proporre ai più la vita e le vicissitudini sia civili che d’armi del Tirolo Meridionale nel periodo 1511-1918.</p><p><br></p><p>Il gruppo rievoca milizie territoriali e asburgiche del Tirolo storico dal 1511 al 1918, in particolare&nbsp;</p><p>&nbsp;- il 20° Vustiassnitch 1797-1859 (milizia confinaria Valsugana),&nbsp;</p><p>&nbsp;- il G.A.R.1 Gebirgs Artillerie Regiment n°1 Trient (artiglieria da montagna Asburgica 1914-1918),&nbsp;</p><p>&nbsp;- il 1 Regg. 2° Batt. Landesschutzen Strigno 1914-1918,&nbsp;</p><p>&nbsp;- il 69°Regg. 3°Batt. Baron Von Leithner Castelnuovo Valsugana 1914-1918.</p><p><br></p><p>Il gruppo ha a disposizione un ricco corredo di divise e materiali, tra i quali una cucina da campo funzionante, bestie da soma e da tiro, cannoni e fucili esatta riproduzione di quelli d’epoca.</p><p><br></p><p>Tra le armi vanno segnalate una mitragliatrice “Schwarzlose” con treppiede e anche con calciolo, che ne permetteva l’uso durante l’assalto da parte delle Sturmtruppen e un cannoncino automatico germanico “Reinhold Becker Type 2 calibro 20 mm modello 1913“, nato per uso aeronautico, ma da subito impiegato a terra con funzione antiaerea.</p><p>Inoltre, il gruppo dispone di una cucina da campo, “Goulaschkanone“, perfettamente funzionante, che permette di preparare pasti caldi; di tende, stendardi e bestie da soma.</p><p>Questo offre la possibilità ai più piccoli (ma anche ai grandi) di poter toccare, valutandone peso e consistenza, materiali che normalmente è possibile vedere solo in fotografia o protetti da vetrine.</p><p><br></p><p>L’associazione Welschtiroler Historische Vereinigung di Strigno Valsugana è stata riconosciuta ufficialmente come primo REPARTO D’ARTIGLIERIA STORICA 1511-1918 in territorio nazionale italiano; reparto consociato anche con l’americana Cleburn Artillerie.</p><p><br></p><p>Un membro dell’associazione è in possesso della Licenza di “MAESTRO D’ARMI”, unica licenza di questo tipo rilasciata in Provincia Autonoma di Trento.</p><p><br></p><p>Alcuni soci sono in possesso della licenza di VETTURINI uso pubblico non di linea per via di terra, licenza &nbsp;obbligatoria per poter condurre carrozze o carri d’artiglieria trainati da cavalli lungo le pubbliche vie.</p><p><br></p><p>Per maggiori informazioni visita il sito &lt;a href=\"http://valsuganaww1.altervista.org/welschtiroler-historische-vereinigung/\" target=\"_BLANK\"&gt;Welschtiroler Historische Vereinigung&lt;/a&gt;</p>',	'2017-04-30 18:46:37',	'2017-04-30 18:46:37'),
(3,	'Fattoria Sociale Conca D\'Oro - Laboratorio con pasta madre',	'fattoria-sociale-conca-d-oro-laboratorio-con-pasta-madre',	'<p>Siamo una &lt;strong&gt;&lt;em&gt;BioFattoria Sociale&lt;/em&gt;&lt;/strong&gt;. Dal 2006 operiamo nell\'ambito dell\'Agricoltura e dell\'Impresa Sociale lavorando con la disabilità mentale e l\'autismo per creare un contesto lavorativo concreto e di qualità, in cui gli utenti non vengano solo visti come destinatari passivi, ma che possano contribuire allo sviluppo di un ambiente azienda.</p><p><br></p><p>Crediamo nella &lt;strong&gt;&lt;em&gt;sostenibilità&lt;/em&gt;&lt;/strong&gt; dell\'Agricoltura con la scelta del BIOLOGICO e del KILOMETRO ZERO. Nella &lt;strong&gt;&lt;em&gt;multifunzionalità&lt;/em&gt;&lt;/strong&gt; dell\'Impresa-Fattoria promuovendo contesti lavorativi complementari al prodotto agricolo: il ristorante, l\'area sosta \"agri-camp\", la fattoria didattica, la panificazione, il laboratorio per marmellate e la vendita dei prodotti al pubblico (sia tramite la nostra bottega o tramite GAS).</p><p><br></p><p>&lt;blockquote&gt;La Fattoria Sociale Conca d\'Oro propone un laboratorio sulla panificazione naturale! Vieni a conoscere la pasta madre (antica tecnica di lievitazione naturale) e le sue proprietà, per imparare ad utilizzarla nell\'auto-prduzione di pane, focacce, dolci e tanto altro! Per tutta la durata dell\'esposizione sarà presente il nostro Fornaio Denis per suggerimenti, consigli e tecniche, e verranno distribuiti \"pezzi\" di pasta madre per iniziare da subito ad utilizzarla a casa!&lt;/blockquote&gt;</p>',	'2017-04-30 18:47:29',	'2017-04-30 18:47:29'),
(4,	'SVF e Rimessa Locomotive',	'svf-e-rimessa-locomotive',	'<p>Quest\'anno la &lt;strong&gt;Società veneta Ferrovie&lt;/strong&gt; allestirà un gazebo in occasione della manifestazione Scala Dei Sapori, dove, per mezzo di pannelli e roll-up, verrà presentato il progetto sviluppato in concomitanza con il Comune di Cismon del Grappa denominato:</p><p>&lt;blockquote&gt;Istituzione della ferrovia turistica della Val Brenta - tratta Bassano Primolano&lt;/blockquote&gt;</p><p>Sarà possibile avere le nostre magliette con le quali autofinanziamo la nostra associazione (offerta libera).</p><p><br></p><p>&lt;a href=\"http://www.societavenetaferrovie.it/\" target=\"_BLANK\"&gt;sito SVF&lt;/a&gt;</p><p>&lt;a href=\"https://www.facebook.com/SVFSocietaVenetaFerrovie\" target=\"_BLANK\"&gt;Facebook SVF&lt;/a&gt;</p><div><br></div>',	'2017-04-30 18:48:47',	'2017-04-30 18:48:47'),
(5,	'Artigiani della Grappa',	'artigiani-della-grappa',	'<p>&lt;h3&gt;Quest\'anno la distilleria \"LE CRODE\", parteciperà all\'edizione della Scala dei Sapori del 2016.&lt;/h3&gt;</p><p>&lt;strong&gt;Grappe artigianali distillate sul greto del Piave&lt;/strong&gt;, a metà strada da Feltre e da Valdobbiadene, a cavallo di due territori di grandi tradizioni enogastronomiche.</p><p>Grappe di tradizione e modernità, di gusto e qualità.</p><p>&lt;br&gt;</p><p>www.distillerialecrode.com</p>',	'2017-04-30 18:50:31',	'2017-04-30 18:50:31'),
(6,	'Azienda Agricola Andrea Zanin',	'azienda-agricola-andrea-zanin',	'<p>Alla Scala dei sapori porterò patate di montagna e patate viola vitelotte, farina di mia produzione, fagioli tipo lamon, miele e lana (pecora e alpaca).<br></p>',	'2017-04-30 18:52:11',	'2017-04-30 18:52:11'),
(7,	'SVF-Società Veneta Ferrovie 2016',	'svf-societa-veneta-ferrovie-2016',	'<p>SVF-Società Veneta Ferrovie, ha ormai una lunga storia. Fondata a Padova nel 2006 da un gruppetto di appassionati di treni storici con l\'intento di salvare dalla demolizione la locomotiva a vapore 880.001 (costruzione Breda, 1916), ha poi sviluppato un progetto che ha dato vita ad una serie di interventi che stanno portando alla creazione del primo museo ferroviario “vivo” del Veneto. La località prescelta è Primolano, in provincia di Vicenza, nella Canale di Brenta.</p><p>In occasione de “La Scala dei Sapori”, sarà possibile visitare la vecchia Rimessa Locomotive fresca di ristrutturazione, il nuovo fascio binari che ospiterà i rotabili del treno storico, in fase di revisione. Sarà inoltre possibile utilizzare il vecchio carrello di ispezione linea a pedali sui nuovi binari appena posati.</p><p>&lt;strong&gt;I soci di SVF saranno a disposizione per esporre ai visitatori i dettagli del progetto e risponderanno a tutte le domande di chi avesse la curiosità di approfondire l\'argomento.&lt;/strong&gt;</p><p>Lo scopo ultimo di SVF è di rendere fruibile a tutti un patrimonio culturale e storico di grande valore, riscoprendo il fascino del passato, il gusto del lento viaggio a vapore, la possibilità di vivere un\'esperienza unica, fondendo paesaggio, storia, cultura, sport ed educazione. Il progetto garantirà una continuità nel servizio, con treni a vapore ed eventi a cadenza regolare.</p>',	'2017-04-30 18:53:07',	'2017-04-30 18:53:07'),
(8,	'Un ospedale da campo della guerra 15-18',	'un-ospedale-da-campo-della-guerra-15-18',	'<p><b>UN OSPEDALE DA CAMPO DELLE GUERRA 15-18</b></p><p>Gruppo rievocazioni storiche dell\'Associazione PRO BASSANO<br></p><p>Testi di Elide Imperatori Bellotti</p><p>La rappresentazione rievoca un piccolo ospedale da campo di primo intervento nelle retrovie del fronte della guerra 15-18. Da qui i feriti venivano inviati negli ospedali allestiti nelle scuole, chiese, conventi ... delle città più vicine.</p>',	'2017-04-30 18:53:58',	'2017-05-01 09:21:55'),
(9,	'Bottega della Tessitura  “I Passi di Penelope”',	'bottega-della-tessitura-i-passi-di-penelope',	'<p>COOPERATIVA SOCIALE AVVENIRE S.C. (ONLUS)</p><p>Bottega della Tessitura &nbsp;“I Passi di Penelope”</p><p><br></p><p>La cooperativa sociale \"AVVENIRE \", nata nel 1985, è una cooperativa mista nata come struttura per il sostegno all\'inserimento lavorativo di persone con disabilità fisiche, psichiche e a disagio sociale.</p><p><br></p><p>Per maggiori informazioni http://www.avvenire.org/Chi-siamo.htm</p>',	'2017-04-30 18:54:48',	'2017-04-30 18:54:48'),
(10,	'L\'organetto di Josef',	'l-organetto-di-josef',	'<p>Suonatore ambulante con tradizionale organetto di Barberia (a rulli di carta perforata) e teatrino meccanico con figure in movimento, ispirate ai mestieri artigianali e ai vari giochi infantili di una volta...</p><p><br></p><p>per maggiori informazioni http://www.improvvirus.it/spett-alvolantinaggio.php</p>',	'2017-04-30 18:55:38',	'2017-04-30 18:55:38'),
(11,	'Onda Selvaggia',	'onda-selvaggia',	'<p>Nata dalla passione per gli sport fluviali dei suoi fondatori (Chicco e Sonia), Onda Selvaggia® è una miscela di energia e competenza, di simpatia e professionalità.</p><p>Onda Selvaggia sarà alla Scala dei Sapori per trasmettere amore per la natura, per lo sport, per quella sensazione particolare che ti dà l\'adrenalina quando non sai bene cosa ti aspetta... e ancora..&nbsp;</p><p><br></p><p>Per maggiori info http://www.ondaselvaggia.com/home/chi-siamo.html</p>',	'2017-04-30 18:57:05',	'2017-04-30 18:57:05'),
(12,	'Lo Scrigno di Lamon',	'lo-scrigno-di-lamon',	'<p>Gli scrigni sono per loro natura destinati a contenere dei tesori. Franco Antoniol nel suo Scrigno ha messo come veri gioielli i prodotti tipici del nostro territorio che presenterà alla Scala dei Sapori</p><p><br></p><p>Per maggiori info http://www.loscrignolamon.it/chi-siamo.html</p>',	'2017-04-30 18:57:50',	'2017-04-30 18:57:50'),
(13,	'Formaggi Ass. Tagliata Della Scala',	'formaggi-ass-tagliata-della-scala',	'<p>Anche quest\'anno l\'Associazione Tagliata Della Scala offrirà formaggi di mucca speziati. Un rigraziamento anticipato a tutti i volontari e vi aspettiamo numerosi<br></p>',	'2017-04-30 18:58:40',	'2017-04-30 18:58:40'),
(14,	'Laura Brandoli',	'laura-brandoli',	'<p>Un\'artista che vive a Padova ma ama e frequenta i nostri luoghi e con entusiasmo ha chiesto di partecipare alla nostra manifestazione. La sua vena &nbsp;artistica si matura e sviluppa in questi ultimi anni tanto che comincia a trasferire, raffigurare su tela le sue emozioni, fantasie, &nbsp;passioni. Potremo ammirare le sue opere alla postazione 4 della sezione cultura.&nbsp;</p><p>Info: www.laura56.it</p>',	'2017-04-30 18:59:17',	'2017-04-30 18:59:17'),
(15,	'Mousse di Trota e Zucchine - Trattoria Da Doro',	'mousse-di-trota-e-zucchine-trattoria-da-doro',	'<p>Le parole chiave sono semplicità, freschezza degli ingredienti, digeribilità e leggerezza e . . . tanta passione dietro ai fornelli. Questi sono gli elementi che hanno portato lo chef Giovanni Scapin della Trattoria da Doro di Solagna &nbsp;a rappresentare il nostro territorio a Milano EXPO 2015. &nbsp;Sarà presente anche alla nostra manifestazione con uno dei suoi piatti più conosciuti.....</p><p>Info www.dadoro.it</p>',	'2017-04-30 19:00:05',	'2017-04-30 19:00:05'),
(16,	'Antipasti Funghi Valbrenta',	'antipasti-funghi-valbrenta',	'<p>La Funghi Valbrenta Soc. Coop. agricola è un’azienda dinamica e innovativa ma soprattutto attenta alla qualità e alla sicurezza alimentare.</p><p>Costituitasi nel 1987 grazie ad &nbsp;alcuni operatori del settore della fungicoltura, la società &nbsp;ha assunto con il passare degli anni,un ruolo di primissimo ordine nell’ambito della fungicoltura del nostro territorio veneto, italiano ed europeo.</p><p><br></p><p>È presente alla Scala dei Sapori con un classico dei nostri antipasti....</p><p><br></p><p>INFO www.funghivalbrenta.it</p>',	'2017-04-30 19:00:56',	'2017-04-30 19:00:56'),
(17,	'Associazione tutela Fea de Lamon',	'associazione-tutela-fea-de-lamon',	'<p>Una new entry per la nostra manifestazione: la \"Associazione tutela Fea de Lamon\". Questa Associazione si occupa della tutela e della valorizzazione della pecora di razza Lamon, della sua filiera e dei prodotti da essa derivati (carne e lana) saranno presenti con i loro prodotti derivati dal latte, dalla carne e dalla lana.&nbsp;</p><p>Info Facebook: Associazione \"Fea de Lamon\"</p><p>Oppure feadelamon@libero.it</p>',	'2017-04-30 19:02:23',	'2017-04-30 19:02:23'),
(18,	'Straccetti di trota - Albergo Parigi',	'straccetti-di-trota-albergo-parigi',	'<p>Albergo Ristorante Parigi - Rocca di Arsiè (BL): è il luogo ideale per chi voglia ricaricarsi di energie immerso nella tranquillità della natura. Caratteristica del Ristorante Parigi è la valorizzazione della eccellenze regionali. È proprio uno dei loro piatti più conosciuti che verrà proposto durante la manifestazione.&nbsp;</p><p>Info: www.alparigi.it</p><p>Facebook: Hotel Parigi - Rocca di Arsiè</p>',	'2017-04-30 19:03:03',	'2017-04-30 19:03:03'),
(19,	'Pastificio Croera - Pasta Fresca',	'pastificio-croera-pasta-fresca',	'<p>Gastronomia Croera: pasta fresca</p><p>Casunziei, canederli, ravioli, gnocchi, nodini, pappardelle, tagliolini e molte altre specialità tipiche della cucina bellunese. Assaggeremo uno dei loro piatti.</p><p>Info: www.croeradolomiti.com</p>',	'2017-04-30 19:03:45',	'2017-04-30 19:03:45'),
(20,	'Ristorante Valsugana da Adriana',	'ristorante-valsugana-da-adriana',	'<p>Ristorante Valsugana da Adriana:&nbsp;</p><p>È un caposaldo per l\'accoglienza e la ristorazione a Primolano e in Valsugana (da cui il nome) e Adriana l\'attuale proprietaria porta avanti la tradizione di famiglia, iniziata nel lontano 1830. A conduzione familiare, si trova ottima ospitalità, cucina genuina con piatti della tradizione veneta e italiana ma con oçchio rivolto all\'innovazione. Specialità funghi</p><p>Sarà presente alla Scala dei Sapori con un piatto semplice e tradizionale.&nbsp;</p><p>Info: www.albergovalsugana.it</p><p>Facebook: Albergo Ristorante Valsugana</p>',	'2017-04-30 19:04:59',	'2017-04-30 19:04:59'),
(21,	'Alpha Photoghraphers',	'alpha-photoghraphers',	'<p>Alberto e Fabrizio, due ragazzi con svariati anni di esperienza nel campo della fotografia amatoriale, che hanno intenzione di far diventare questa passione un lavoro. Vista l\'esperienza accumulata nei vari anni di apprendimento possono definirsi semiprofessionisti, in grado di coprire tutti i vari campi dedicati alla fotografia.</p><p>Alla nostra manifestazione esporranno alcune loro fotografie e si proporranno al pubblico per fare degli scatti all\'interno del forte. Saranno attrezzati, oltre che con macchine fotografiche, anche di 2 pc portatili, una piccola stampante per occasioni del genere.</p><p>Info: http://www.facebook.com/alfaphotographers</p>',	'2017-04-30 19:05:39',	'2017-04-30 19:05:39'),
(22,	'Ristorantino La Gioi',	'ristorantino-la-gioi',	'<p>La Gioi si descrive così: \"un locale che è un nome, il mio, per farvi entrare in un sogno grande quanto una passione: quella di potervi offrire quanto di più bello e buono ho scoperto nelle cucine dei nostri paesi, raccontandovi perché ho scelto, senza averlo mai provato prima, di aprire a Lasen, un borgo a pochi minuti da Feltre, un piccolo ristorante, un luogo per l\'anima e il cuore\".&nbsp;</p><p>È un nuovo espositore che ci proporrà uno dei suoi piatti di apertura.</p><p>Info http://www.lagioi.it/?home &nbsp; &nbsp; &nbsp; &nbsp; &nbsp; &nbsp; &nbsp; &nbsp; &nbsp; &nbsp; &nbsp; &nbsp;&nbsp;</p>',	'2017-04-30 19:06:33',	'2017-04-30 19:06:33'),
(23,	'Assalto a Fuoco fra Italiani e Austriaci',	'assalto-a-fuoco-fra-italiani-e-austriaci',	'<p>Il 11 Settembre 2016, la Scala dei Sapori ospiterà per la seconda volta la rievocazione storica dell\'associazione Welschtiroler Historische Vereinigung.</p><p><br></p><p>La Welschtiroler Historische Vereinigung è una libera associazione dilettantistica di rievocazione storica istituita con l’intento di rievocare e proporre ai più la vita e le vicissitudini sia civili che d’armi del Tirolo Meridionale nel periodo 1511-1918.</p><p><br></p><p>Per maggiori informazioni visita il sito Welschtiroler Historische Vereinigung al link http://valsuganaww1.altervista.org/welschtiroler-historische-vereinigung/</p>',	'2017-04-30 19:07:22',	'2017-04-30 19:07:22'),
(24,	'Il cibo visto dai bambini',	'il-cibo-visto-dai-bambini',	'<p>È noto che spesso i bambini non vanno d\'accordo col cibo e che è &nbsp;sempre difficile riuscire a farli mangiare in modo sano.&nbsp;</p><p>Alla base di tutto c\'è sempre la conoscenza.</p><p>Ecco quindi che, al passo con le più moderne tendenze educative, conoscere il cibo attraverso il gioco ed il &nbsp;disegno, è il lavoro che hanno svolto i bambini delle scuole primarie di Arsiè.</p><p>I loro elaborati saranno esposti al punto 8 per la sezione Cultura.</p>',	'2017-04-30 19:08:16',	'2017-04-30 19:08:16'),
(25,	'Distilleria Torquadra',	'distilleria-torquadra',	'<p>Siamo la distilleria della Valsugana, e quest\'anno per la prima volta parteciperemo alla Scala dei Sapori per presentarvi le nostre grappe e i nostri liquori tipici del territorio. &nbsp;<br></p>',	'2017-04-30 19:08:51',	'2017-04-30 19:08:51'),
(27,	'Esapolis e il baco da seta',	'esapolis-e-il-baco-da-seta',	'<p>Esapolis esporrà la storia del baco da seta in Italia e nel mondo, osservarne il ciclo biologico, conoscerne le diverse varietà di fibre, i macchinari, le tecniche per la filatura ecc ...</p><p>Per maggiori informazioni visitate http://www.esapolis.eu/insettario.php?lang=ita&amp;centro=h</p>',	'2017-04-30 19:15:13',	'2017-04-30 19:15:13'),
(28,	'I libri della Scala',	'i-libri-della-scala',	'<p>Nel contorno di una casa contadina, editori locali presentano libri a kmzero.</p><p>Indicazioni da Primolano: dopo l\'ultimo tornante, prendete la strada sterrata (verso la fuciliera) fino alla fine.</p>',	'2017-04-30 19:15:57',	'2017-04-30 19:15:57'),
(29,	'Contrà Cà Cornaro del Palio di Romano d\'Ezzelino',	'contra-ca-cornaro-del-palio-di-romano-d-ezzelino',	'<p>Ad iniziare da una bellissima macina a pietra che serviva per ricavare della buona farina nelle nostre famiglie, accompagnata da una madia per impastare il pane ricavata nel legno e molto altro ancora..... ora a settembre siamo pronti alla volata finale per l\'organizzazione del nostro angolo rustico alla Scala dei Sapori di Primolano, e quindi vi invitiamo a visitare il nostro viaggio nella memoria dei nostri nonni, cultura, lavoro ed amore per il territorio sono le nostre carte migliori. Buona Scala dei Sapori a tutti.&nbsp;</p><p><br></p><p>seguici su facebook &lt;a href=\"https://www.facebook.com/contra.cornaro\" target=\"BLANK\"&gt;#contra.cornaro &lt;/a&gt;</p><p><br></p><p>Contrà Cà Cornaro</p><p><br></p><p>www.paliodiromano.it</p>',	'2017-04-30 19:16:54',	'2017-04-30 19:16:54'),
(30,	'Visite guidate alla fortificazione',	'visite-guidate-alla-fortificazione',	'<p>Anche per questa edizione sono previste due visite guidate alla Fortificazione che domina lo svolgimento della giornata. Alle ore 10,00 e alle ore 14,00 &nbsp;Dario Dall\'Agnol, esperto e profondo conoscitore della Storia e degli eventi accaduti bel nostro territorio, guiderà i partecipanti nel percorso di visita alla Fortificazione ed in particolare alla Fuciliera e tagliata delle Fontanelle recentemente restaurate.<br></p>',	'2017-04-30 19:17:46',	'2017-04-30 19:17:46'),
(31,	'Inaugurazione Acquisto Biglietti online',	'inaugurazione-acuisto-biglietti-online',	'<p>Associazione Tagliata della Scala ha messo a disposizione degli utenti del sito la possibilità di acquistare i bilgietti online. Ci teniamo a sottolineare che il sito non tiente le informazioni dei pagamenti e che siamo protetti dalla connessione sicura con il protocollo https!</p>',	'2017-04-30 20:33:07',	'2017-05-01 09:30:07'),
(32,	'Il Piccolo Principe e la Clinica Mobile dei Pupazzi',	'il-piccolo-principe-e-la-clinica-mobile-dei-pupazzi',	'<p>Il Piccolo Principe e la Clinica Mobile dei Pupazzi: dedicata ai bambini.</p><h3><b>Se hai un pupazzo malato portalo: lo cureremo assieme</b></h3><p></p>',	'2017-07-30 14:31:52',	'2017-07-30 14:35:02'),
(33,	'ASSOCIAZIONE ITALIANA PERSONE DOWN (AIPD)',	'associazione-italiana-persone-down-aipd',	'<p style=\"margin-bottom: 0cm\"><font size=\"3\">Associazione Italiana\r\nPersone Down sezione provinciale di Belluno collaborerà con i volontari della scala dei sapori</font></p>',	'2017-07-30 14:49:00',	'2017-07-30 14:49:00'),
(34,	'Semprefesta animazione',	'semprefesta-animazione',	'<p><span style=\"color: rgb(17, 17, 17); font-family: arial, sans-serif; background-color: rgba(255, 255, 255, 0.9);\">La prima parte prevede: truccabimbi per tutti gli invitati, giochi a squadra, di gruppo e giochi con la musica. Circa a metà festa, gli animatori fanno fare uno spuntino ai bambini. Gli animatori gestiranno insieme ai genitori l\' apertura dei regali ed il taglio della torta, cantando Tutti insieme \"TANTI AUGURI\".... A questo punto della festa, si prepareranno i palloncini modellabili (balloon art) con le forme scelte dai bambini, ed ogni bambino porterà a casa i palloncini sagomabili ed inoltre i braccialetti luminosi come regalino..</span><br></p>',	'2017-07-30 15:15:54',	'2017-07-30 15:15:54'),
(35,	'Clinica Mobile dei Pupazzi',	'clinica-mobile-dei-pupazzi',	'<blockquote>La Clinica mobile dei pupazzi è nata per aiutare i bambini a superare paure e pregiudizi nei confronti di medici ed ospedali in un\'atmosfera di gioco e divertimento. Questo progetto prevede l\'allestimento di un veicolo specializzato nell\'assistenza dei pupazzi, bambole o peluches, al cui interno si svolgono viste mediche, indagini diagnostiche e terapie specifiche. Qui ... non è il bambino ad essere curato in prima persona ma è il suo pupazzo ad avere il ruolo del malato.</blockquote><h3 style=\"text-align: center; \">RICORDATEVI DI PORTARE IL PUPAZZO DA CURARE.</h3><p style=\"text-align: center;\"><br></p><p>La clinica dei pupazzi sarà nel piazzale di Primolano di fronte alla chiesa.&nbsp;</p><p>per maggiori informazioni scaladeisapori(at)gmail.com</p>',	'2018-08-17 13:31:10',	'2018-08-17 13:32:43'),
(36,	'Mago Dado',	'mago-dado',	'<blockquote><p>Benvenuti nel mondo della magia e dell\'illusione. Lasciatevi prendere da momenti emozionanti che stravolgeranno le vostre certezze</p></blockquote><p>Mago Dado farà il suo spettacolo di magia alle ore 13.00 al terzo tornante e nel pomeriggio girerà per la manifestazione per regalare le sue creazioni di palloncini&nbsp;</p><p>Per maggiori informazioni&nbsp;<a href=\"http://www.magodado.it/\">magodado.it</a></p>',	'2018-08-17 13:52:17',	'2018-08-23 15:06:54'),
(37,	'Bassano Swing Out',	'bassano-swing-out',	'<blockquote><p>Il nostro gruppo si riconosce negli ideali della Social Dance e pertanto è aperto a persone di qualsiasi età, nazionalità, cultura, religione, orientamento politico e sessuale. Nostro obiettivo principale è quello di celebrare la gioia del Lindy Hop. Ci proponiamo come tramite ideale per diffondere la cultura, la musica ed i balli swing nell’area di Bassano del Grappa e dintorni, ma non solo.</p></blockquote><p>Swing Out Bassano si esibirà due volte (mattina e pomeriggio) in Piazza Leone a Primolano.</p><p>per maggiori informazioni visitate il sito&nbsp;<a href=\"http://www.bassanoswingout.it/\" target=\"_blank\">bassanoswingout.it</a>&nbsp;o scrivete a&nbsp;<a href=\"mailto:info@bassanoswingout.it\" target=\"_blank\">info@bassanoswingout.it</a></p>',	'2018-08-17 13:56:59',	'2018-08-23 15:05:22'),
(38,	'Zen Daniela e Andreoni Annina',	'zen-daniela-e-andreoni-annina',	'<blockquote>Quest\'anno alla Scala dei Sapori 2018 ospiteremo <b>Zen Daniela e Andreoni Annina</b>. Sono delle hobbiste che allieteranno la passeggiata con le loro creazioni.<b> Arte creativa, fantasia femminile</b> tra ricamo, cucito, patchwork per tutti gli appassionati.</blockquote>',	'2018-08-21 23:45:30',	'2018-08-21 23:45:30'),
(39,	'Gruppo Teatrale Tarantâs',	'gruppo-teatrale-tarantas',	'<blockquote><p>Quest\'anno alla Scala dei Sapori 2018 il GRUPPO TEATRALE TARANTÂS (carrozza da viaggio), ci terrà compagnia con i lori lavori di teatro amatoriale e itinerante.&nbsp;</p></blockquote><p><u style=\"\">CI PRESNTIAMO</u></p><p>Il nostro percorso di maturazione, dopo un inizio dedicato al teatro dell’assurdo, ci ha portato ad avere quali punti di riferimento culturale e teorico i Padri Fondatori del teatro del Novecento. Questo è accaduto in particolare dopo aver incrociato sulla nostra strada Teatrocontinuo di Padova. L’interesse individuale dei singoli soci poi, ha fatto si che altre esperienze, sempre legate ad un teatro corporeo e povero, siano venute ad arricchire il bagaglio del Gruppo.</p><p><br></p>',	'2018-08-23 13:43:57',	'2018-08-23 13:43:57'),
(40,	'Antica Osteria da Doro',	'antica-osteria-da-doro',	'<blockquote><p>Anche quest\'anno torna alla Scala Dei Sapori l\'Antica Osteria da Doro, che ci offrirà dei tortini ai cereali.</p></blockquote><p>&nbsp;Nel suo locale lasciate vagare i vostri sensi: vi troverete avvolti in un clima informale dove tradizione e innovazione convivono in armonia, ma soprattutto dove lo stare insieme a tavola diventa il momento del piacere di stare insieme, di godere del cibo e delle persone con cui si condivide il tavolo.</p><p>Per info: <a href=\"http://www.dadoro.it\" target=\"_blank\">www.dadoro.it</a></p><p><br></p>',	'2018-08-23 13:56:16',	'2018-08-23 13:56:16'),
(41,	'La Fea del Lamon',	'la-fea-del-lamon',	'<blockquote>Lungo il percorso della Scala dei Sapori 2018 potrete assaggiare i gusti forti della pecora di Lamon offerta dall\'<b>Associazione Fea de Lamon</b> che si occupa della tutela e della valorizzazione della pecora di razza Lamon, della sua filiera e dei prodotti da essa derivati (carne e lana).</blockquote><p>Per info:&nbsp; 327 178 6525&nbsp;</p>',	'2018-08-23 14:00:23',	'2018-08-23 14:01:21'),
(42,	'Restauratrice Artemisia',	'restauratrice-artemisia',	'<blockquote><p>Alla Scala dei Sapori 2018 potrete osservare le opere di <b>Artemisia Restauro</b>, un team composto per lo più da donne che condividono un grande amore per il loro mestiere . Le varie attività vengono svolte sia in laboratorio, con restauri di tele, opere lignee, decorazioni (anche personalizzate), manufatti artistici e cornici, sia in cantieri o in loco (ove necessario), nell\'ambito del restauro architettonico e delle decorazioni murali.</p></blockquote><p>Uno dei “credo” principali dell’impresa artigiana che accompagna ogni singolo restauro è quello di utilizzare materiali e prodotti altamente compatibili e rispettosi delle opere e, soprattutto, reversibili.</p><p>Per info: <a href=\"http://www.artemisiarestauro.it\" target=\"_blank\">artemisiarestauro.it</a></p>',	'2018-08-23 14:06:09',	'2018-08-23 14:06:09'),
(43,	'Visite all\'antica rimessa delle locomotive',	'visite-all-antica-rimessa-delle-locomotive',	'<blockquote>Durante la Scala dei Sapori 2018 perché non fare un salto all\'antica rimessa delle locomotive, grazie alla collaborazione dell\'<b>Associazione Società Veneta Ferrovie</b>. Questa area diventerà la sede dove troverà posto il treno storico a vapore veneto grazie a un accordo con la Regione Veneto e Sistemi Territoriali a cui si aggiungeranno altre realtà nei prossimi mesi.&nbsp;&nbsp;</blockquote><p>Per info: <a href=\"https://www.societavenetaferrovie.it/\" target=\"_blank\">societavenetaferrovie.it/</a></p>',	'2018-08-23 14:10:28',	'2018-08-23 14:10:28'),
(44,	'Ivan Team Rafting',	'ivan-team-rafting',	'<blockquote><p>Dove informarsi sulle avventure da fare in valle se non alla Scala dei Sapori con IVAN TEAM RAFTING?</p></blockquote><div style=\"color: rgb(34, 34, 34); font-family: Arial, Helvetica, sans-serif; font-size: small;\"><span style=\"color: rgb(29, 33, 41); font-family: Helvetica, Arial, sans-serif; font-size: 12px;\">Otterrete tutte le informazioni su rafting canoa kayak hydrospeed e molto altro.... FREE TO BE!</span>&nbsp;&nbsp;</div><div style=\"color: rgb(34, 34, 34); font-family: Arial, Helvetica, sans-serif; font-size: small;\">Per info:&nbsp;<a href=\"http://www.ivanteam.com/\" target=\"_blank\">ivanteam.com</a></div>',	'2018-08-23 14:14:02',	'2018-08-23 14:14:02'),
(45,	'Distilleria Le Crode',	'distilleria-le-crode',	'<p>Alla scala dei sapori ancora una volta la Distilleria Le Crode.&nbsp; &nbsp;</p><blockquote>Nel corso degli anni, per la tenacia con la quale ha saputo coniugare ricerca e tradizione, qualità e innovazione, cura del particolare e interesse per il territorio, Distilleria Le Crode si è guadagnata uno spazio importante nel panorama della produzione della Grappa di qualità.</blockquote><p>&nbsp;Sobrietà e senso della storia, legame con il territorio e autenticità, cura dei particolari e eccellenza del prodotto: tutto questo in una bottiglia di Grappa Le Crode.&nbsp;</p><p>Per maggiori informazioni: <a href=\"http://www.distillerialecrode.com\" target=\"_blank\">distillerialecrode.com</a></p>',	'2018-08-23 14:15:30',	'2018-08-23 14:15:30'),
(46,	'Prodotti con la canapa di Colle Elisa',	'prodotti-con-la-canapa-di-colle-elisa',	'<p>La Scala dei Sapori è anche sperimentazione!&nbsp;</p><p>Venite a provare i Prodotti con la canapa di Colle Elisa.&nbsp;</p><blockquote>Dal 2015 l\'azienda coltiva Canapa Sativa da semi certificati, su piccoli appezzamenti (in rotazione), effettuando le lavorazioni principalmente a mano (semina, raccolta) o con piccole macchine operatrici (erpicatura, trebbiatura), a causa della limitata estensione della coltura (poco più di mezzo ettaro) e anche del nostro modo di pensare. La coltivazione attuale, a Foen di Feltre (BL) avviene in collaborazione con alcune classi dell’Istituto Agrario della Lucia di Feltre, il progetto è inserito nel PTOF; gli insegnanti e i ragazzi sono coinvolti in tutte le fasi della coltivazione, dalla preparazione del terreno alla raccolta, dalla scelta della cultivar, ai prelievi e relative analisi sul terreno pre e post coltura.&nbsp; &nbsp;</blockquote><p>Per info: elisa.colle06@gmail.com</p>',	'2018-08-23 14:19:32',	'2018-08-23 14:19:32'),
(47,	'Brintaal Celtic Folk',	'brintaal-celtic-folk',	'<blockquote>Ancora collaborazioni con le associazioni del territorio e in particolare con Brintaal Celtic Folk che dal 2002 organizza il Brintaal Celtic Folk, festival della musica e della cultura celtica in Valbrenta. Venite a provare il loro idromele e il sidro di mela!!</blockquote><p>Per info: <a href=\"http://www.brintaalcelticfolk.it/\" target=\"_blank\">brintaalcelticfolk.it</a></p>',	'2018-08-23 14:22:45',	'2018-08-23 14:22:45'),
(48,	'Alice Rossi: i Magnagatti e l\'ingrediente segreto',	'alice-rossi-i-magnagatti-e-l-ingrediente-segreto',	'<blockquote>Scala dei Sapori 2018 esporrà le opere di <b>Alice Rossi</b> e \"i Magnagatti e l\'ingrediente segreto\"....venite a vederla!</blockquote>',	'2018-08-23 14:39:58',	'2018-08-23 23:59:52'),
(49,	'Viste alla Fortificazione',	'viste-alla-fortificazione',	'<blockquote>Come non dedicare un po\' di spazio alla storia e alla cultura?\r\nFabiane Arboit, recentemente trasferita a Primolano se n\'è subito innamorata. Sarà lei a guidare i più curiosi nel percorso di visita alla Fortificazione ed in particolare alla Fuciliera e tagliata delle Fontanelle.\r\n...chissà che non seguite le sue orme!!</blockquote>',	'2018-08-23 15:14:53',	'2018-08-24 00:01:53'),
(50,	'Una volta c\'erano le miniere',	'una-volta-c-erano-le-miniere',	'<blockquote>Alla scala dei sapori 2018 alle ore 14.30 e alle ore 16.00 sul prato dell\'ultimo tornante (da Primolano a Fastro) avremo lo spettacolo teatrale “Una volta c\'erano le miniere\".</blockquote><p>Il gruppo Teatrale Tarantâs è un’associazione che opera in ambito teatrale, in particolare interessandosi al teatro di ricerca. Lo fa con un approccio amatoriale per quanto riguarda l’aspetto economico, a muoverli è infatti soltanto la passione che li porta a cercare invece in campo artistico, un approccio professionale e per quanto possibile rigoroso. Il tutto basato sul concetto di gruppo.</p>',	'2018-08-23 19:12:55',	'2018-08-23 19:12:55'),
(51,	'Stefano Trintinaglia',	'stefano-trentinaglia',	'<blockquote>Ad accogliervi alla Scala dei Sapori 2018 nel piazzale davanti la Chiesa di Primolano, Stafano Trintinaglia, appassionato e collezionista di cose antiche...  Mezzi, biciclette, reperti di guerra, vestiti e chi più ne ha più ne metta: nella sua collezione personale non manca nulla! Fatevi contagiare dalla sua simpatia e lasciatevi ammaliare con qualche aneddoto di un tempo!</blockquote>',	'2018-08-23 19:19:58',	'2018-08-24 12:54:30'),
(52,	'Alpha Photoghraphers - Alberto Cuman',	'alpha-photoghraphers-alberto-cuman',	'<blockquote><b>Alberto Cuman</b> sarà alla scala dei sapori 2018 ed esporrà esporranno alcune fotografie. si proporrà al pubblico per fare degli scatti all\'interno del forte.&nbsp;</blockquote><p>Info: <a href=\"http://www.facebook.com/alfaphotographers\" target=\"_blank\">facebook.com/alfaphotographers</a></p>',	'2018-08-23 21:18:16',	'2018-08-23 21:18:16'),
(53,	'Vigneti delle Dolomiti',	'vigneti-delle-dolomiti',	'<p>All\'ottava edizione della scala dei sapori avremo il piacere di ospitare Chiara e Fabio, e i loro vini di produzione biologica.&nbsp;</p><p>Ecco una breve presentazione.</p><p>Mi chiamo Chiara e sono titolare, assieme al mio compagno Fabio, di un\'azienda agricola vitivinicola che si chiama Pian di Colle. Siamo una piccola realtà agricola, nata a fine 2014 con circa 2 ettari di terreno vitato. Le nostre vigne si trovano tutte a Colderú, una piccola&nbsp; frazione del comune di Lentiai (BL) a 468 metri s.l.m. e si affacciano sulla splendida Valbelluna.&nbsp;</p><blockquote>Curiamo le nostre vigne con passione e dedizione, principalmente a mano seguendo i criteri dell’ agricoltura biologica. Le condizioni climatiche rendono spesso il lavoro duro e impegnativo, limitano le rese per ettaro, ma ci regalano vini unici nella loro eleganza e aromaticità.</blockquote><p>Produciamo 2 vini:&nbsp;</p><ul><li>un bianco, FELICE Incrocio Manzoni 6.0.13</li><li>un rosso, COLDEL Pinot Nero</li></ul>',	'2018-08-23 21:25:18',	'2018-08-23 21:25:18'),
(54,	'Dino Pedron e il suo miele',	'dino-pedron-e-il-suo-miele',	'<blockquote>Come poteva mancare alla scala dei sapori <b>Dino Pedron</b>? Un nostro vicino di casa, grande appassionato di apicoltura e di montagna. E\' incredibile come ci si possa muovere liberamente senza essere punti, si possono perfino toccare le api da quanto sono cariche di miele che non riescono ad inarcare l\'addome per fare fuoriuscire il pungiglione.<br>Grazie a Dino per la sua passione e per condividerla con noi facendoci assaggiare il suo miele.&nbsp;</blockquote>',	'2018-08-23 21:27:14',	'2018-08-23 21:27:14'),
(55,	'Gulasch preparato da El Ciod',	'gulasch-preparato-da-el-ciod',	'<p>Nel costo del biglietto abbiamo il <b>gulasch preparato da El Ciod</b>.</p><blockquote>Agriturismo che riserva agli ospiti una cucina casalinga, sana e ricca di sapori. I menù stagionali sono vari, dalle paste fatte in casa ai risotti con erbette e funghi, dall\'agnello in umido al tacchino ripieno, il tutto accompagnato da una riserva di vino veneto-friulano selezionato direttamente dal titolare.</blockquote>',	'2018-08-28 21:41:07',	'2018-08-28 21:41:07'),
(56,	'La Casa nel Forte',	'la-casa-nel-forte',	'<blockquote>La casa del Forte è un viaggio indietro nel tempo. Fondata probabilmente come torre ezzelina è presente nelle mappe della zona fino dal 1600 e quindi antecedente alla costruzione del Forte Tagliata.&nbsp;<br>Venite a visitarla....e magari riuscirete a incappare nella performance del nostro amico violinista!</blockquote>',	'2018-08-28 21:43:06',	'2018-08-28 21:43:06'),
(57,	'Il DUO i Vagabondi',	'il-duo-i-vagabondi',	'<blockquote>Musica dal vivo e tanto divertimento lungo il percorso con il Duo i Vagabondi.<br>Thomas e Fabrizio accompagneranno i vostri passi con la fisarmonica e tanti balli e canti popolari.</blockquote>',	'2018-09-05 20:48:38',	'2018-09-05 20:48:38'),
(58,	'Visite all\'antica rimessa delle locomotive 2019',	'visite-all-antica-rimessa-delle-locomotive-2019',	'<blockquote>Durante la Scala dei Sapori 2019 perché non fare un salto all\'antica rimessa delle locomotive, grazie alla collaborazione dell\'<b>Associazione Società Veneta Ferrovie</b>. Questa area diventerà la sede dove troverà posto il treno storico a vapore veneto grazie a un accordo con la Regione Veneto e Sistemi Territoriali a cui si aggiungeranno altre realtà nei prossimi mesi.&nbsp;&nbsp;</blockquote><p>Per info: <a href=\"https://www.societavenetaferrovie.it/\" target=\"_blank\">societavenetaferrovie.it/</a></p>',	'2019-08-21 16:09:36',	'2019-08-21 16:09:36'),
(59,	'Viste alla Fortificazione 2019',	'viste-alla-fortificazione-2019',	'<blockquote>Come non dedicare un po\' di spazio alla storia e alla cultura?\r\n<b>Fabiane Arboit</b>, recentemente trasferita a Primolano se n\'è subito innamorata. Sarà lei a guidare i più curiosi nel percorso di visita alla Fortificazione ed in particolare alla Fuciliera e alla&nbsp; Tagliata delle Fontanelle.\r\n...chissà che non seguite le sue orme!!</blockquote>',	'2019-08-21 16:11:46',	'2019-08-21 16:11:46'),
(60,	'Il DUO i Vagabondi 2019',	'il-duo-i-vagabondi-2019',	'<blockquote>Musica paesana dal vivo e tanto divertimento lungo il percorso con il Duo i Vagabondi.<br>Thomas e Fabrizio accompagneranno i vostri passi con la fisarmonica e tanti balli e canti popolari.</blockquote>',	'2019-08-21 16:29:12',	'2019-08-21 16:29:12'),
(61,	'Mostra Fotografica nella Fuciliera',	'mostra-fotografica-nella-fuciliera',	'<blockquote><b>Alberto Cuman</b> sarà alla scala dei sapori 2019 ed esporrà esporranno alcune fotografie all\'interno della fuciliera. Si proporrà al pubblico per fare degli scatti all\'interno del forte.&nbsp;</blockquote><p>Info: <a href=\"http://www.facebook.com/alfaphotographers\" target=\"_blank\">facebook.com/alfaphotographers</a></p>',	'2019-08-21 16:31:25',	'2019-08-21 16:31:25'),
(62,	'La Scala Baby',	'la-scala-baby',	'<p>Percorso di giochi di un tempo e d’oggi (bersaglio, bowling, cerchietti biricchini, canestro..) con un piccolo premio finale.</p><p>Baby parking con attività libera e disegno.</p><p>Due spettacoli di magia lungo il percorso uno la mattina e uno il pomeriggio con<a href=\"https://www.tagliatadellascala.it/articoli/scala-dei-sapori/mago-dado-2019\" target=\"_blank\"> Mago Dado</a>.</p><p>Gonfiabili e trucca bimbi tutto il giorno presso il Forte.</p><p>Dalle 16.00 alle 17.00 baby dance presso il Forte.</p>\r\n<p>Lungo il percorso, i bimbi avranno la possibilità di svolgere liberamente un\'attività pittorica, decorando dei mandala con la loro fantasia!</p>',	'2019-08-21 16:38:48',	'2019-08-22 08:11:22'),
(63,	'Mago dado 2019',	'mago-dado-2019',	'<blockquote><p>Benvenuti nel mondo della magia e dell\'illusione. Lasciatevi prendere da momenti emozionanti che stravolgeranno le vostre certezze</p></blockquote><p>Mago Dado farà due spettacoli di magia, uno al mattino e una e nel pomeriggio. Poi girerà per la manifestazione per regalare le sue creazioni di palloncini&nbsp;</p><p>Per maggiori informazioni&nbsp;<a href=\"http://www.magodado.it/\">magodado.it</a></p>',	'2019-08-21 16:40:14',	'2019-08-21 16:40:14'),
(64,	'Spazio Olistico',	'spazio-olistico',	'<blockquote>Spazio olistico presso la Casa del Capitano per far conoscere e sperimentare varie attività: Reiki, Bars, Shiatsu, Tecniche Vibrazionali, Craniosacrale, Carte Ofuda, Pranoterapia, Tza-Tza, Reiki Karuna e molto altro ancora con Lo Spazio Ki-Runa</blockquote>',	'2019-08-22 08:16:10',	'2019-08-22 08:16:10'),
(65,	'Alice Rossi 2019',	'alice-rossi-2019',	'<blockquote>Scala dei Sapori 2019 esporrà le opere di <b>Alice Rossi</b> e \"i Magnagatti e l\'ingrediente segreto\"....venite a vederla!</blockquote>',	'2019-08-22 08:19:58',	'2019-08-22 08:19:58'),
(66,	'Antipasti con bocconcini di funghi',	'antipasti-con-bocconcini-di-funghi',	'<p>L\'attiva <b>Pro Loco di Cismon del Grappa</b> è presente anche quest\'anno alla Scala dei Sapori con un classico dei nostri antipasti: bocconcini di funghi.\r\nAttenta a sostenere il km zero reperisce il prodotto da<b> La Funghi Valbrenta Soc. Coop. agricola</b>, un’azienda dinamica e innovativa ma soprattutto attenta alla qualità e alla sicurezza alimentare. Costituitasi nel 1987 grazie ad alcuni operatori del settore della fungicoltura, la società ha assunto con il passare degli anni,un ruolo di primissimo ordine nell’ambito della fungicoltura del nostro territorio veneto, italiano ed europeo. </p>',	'2019-08-22 08:24:01',	'2019-08-29 08:07:09'),
(67,	'Carne di pecora',	'carne-di-pecora',	'<p>Lungo il percorso della Scala dei Sapori 2019 potrete assaggiare i gusti forti della pecora di Lamon offerta dall\'Associazione Fea de Lamon che si occupa della tutela e della valorizzazione della pecora di razza Lamon, della sua filiera e dei prodotti da essa derivati (carne e lana).</p>',	'2019-08-22 08:27:28',	'2019-08-22 08:27:28'),
(68,	'Gulasch, polenta e vino',	'gulasch-polenta-e-vino',	'<p>Agriturismo che riserva agli ospiti una cucina casalinga, sana e ricca di sapori. I menù stagionali sono vari, dalle paste fatte in casa ai risotti con erbette e funghi, dall\'agnello in umido al tacchino ripieno, il tutto accompagnato da una riserva di vino veneto-friulano selezionato direttamente dal titolare</p>',	'2019-08-22 08:29:22',	'2019-08-22 08:29:22'),
(69,	'Tisane e sorbetto',	'tisane-e-sorbetto',	'<p>La casa del Forte è un viaggio indietro nel tempo. Fondata probabilmente come torre ezzelina è presente nelle mappe della zona fino dal 1600 e quindi antecedente alla costruzione del Forte Tagliata. \r\nVenite a visitarla....e a gustarvi il sorbetto e le tisane</p>',	'2019-08-22 08:32:11',	'2019-08-22 08:32:11'),
(70,	'Dolci',	'dolci',	'<blockquote>Ristorante \"ai Merli\" a San Vito di Arsié. Cucina casalinga e piatti con prodotti locali.\r\nServizio spaghetteria con oltre 30 tipi di salse. Quest\'anno offre gustosissimi dolci</blockquote><p><a href=\"https://www.facebook.com/Ristorante-ai-Merli-1991104734508927/\" target=\"_blank\">Ai Merli</a><br></p><p><br></p>',	'2019-08-22 08:33:36',	'2019-08-22 08:34:20'),
(71,	'Formaggi',	'formaggi',	'<blockquote><p><span style=\"color: rgb(34, 34, 34); font-family: Arial, Helvetica, sans-serif; font-size: small;\">Quest\'anno alla Scala dei Sapori 2019 i formaggi sono offerti dalla Fattoria La Piovega, nuova realtà imprenditoriale che coinvolge giovani del territorio. Presso il punto vendita in via Piovega 9 da primolano andando verso enego, potete acquistare formaggi con latte vaccino, ovino e caprino, salame e altre prelibatezze. Il vero biologico. Il vero km zero!</span></p></blockquote>\r\n\r\n<a class=\"btn btn-mod btn-medium btn-round mb-xs-10\" href=\"https://goo.gl/maps/ABEhqNABjRyfvFY6A\">Trovaci con Google Map</a>',	'2019-08-22 08:40:49',	'2019-08-24 08:27:19'),
(72,	'Grappa',	'grappa',	'<p>Alla scala dei sapori ancora una volta la Distilleria Le Crode.&nbsp; &nbsp;</p><blockquote>Nel corso degli anni, per la tenacia con la quale ha saputo coniugare ricerca e tradizione, qualità e innovazione, cura del particolare e interesse per il territorio, Distilleria Le Crode si è guadagnata uno spazio importante nel panorama della produzione della Grappa di qualità.</blockquote><p>&nbsp;Sobrietà e senso della storia, legame con il territorio e autenticità, cura dei particolari e eccellenza del prodotto: tutto questo in una bottiglia di Grappa Le Crode.&nbsp;</p><p>Per maggiori informazioni: <a href=\"http://www.distillerialecrode.com\" target=\"_blank\">distillerialecrode.com</a></p>',	'2019-08-22 08:42:28',	'2019-08-22 08:42:28');

DROP TABLE IF EXISTS `events`;
CREATE TABLE `events` (
  `id` int(10) unsigned NOT NULL AUTO_INCREMENT,
  `name` varchar(191) NOT NULL,
  `slug` varchar(191) NOT NULL,
  `description` text NOT NULL,
  `location` varchar(191) NOT NULL,
  `start` datetime NOT NULL,
  `finish` datetime NOT NULL,
  `price` int(11) DEFAULT NULL,
  `price_reduced` int(7) DEFAULT NULL,
  `ticket_availability` int(5) DEFAULT NULL,
  `active` tinyint(4) NOT NULL DEFAULT 1,
  `created_at` timestamp NULL DEFAULT NULL,
  `updated_at` timestamp NULL DEFAULT NULL,
  PRIMARY KEY (`id`)
) ENGINE=InnoDB DEFAULT CHARSET=utf8mb4 COLLATE=utf8mb4_unicode_ci;

INSERT INTO `events` (`id`, `name`, `slug`, `description`, `location`, `start`, `finish`, `price`, `price_reduced`, `ticket_availability`, `active`, `created_at`, `updated_at`) VALUES
(2,	'Silenzio! - spettacolo teatrale',	'silenzio-spettacolo-teatrale-forte-primolano',	'<p>Gruppo Teatrale<b> Tarantàs</b> e il gruppo vocale <b>Sintagma, </b>presentano:</p><h2>Silenzio!</h2><p>SPETTACOLO ITINERANTE PER RIFLETTERE SUGLI SCONFITTI DELLA PRIMA GUERRA MONDIALE</p>',	'Fuciliera e Tagliata Fontanelle',	'2017-06-03 21:00:00',	'2017-06-03 23:30:00',	NULL,	NULL,	NULL,	1,	'2017-04-28 08:23:33',	'2017-05-07 15:51:56'),
(3,	'Cerimonia di apertura',	'cerimonia-di-apertura',	'<h2>Cerimonia di apertura</h2><p><b>Recupero sistema fortificato SCALE DI PRIMOLANO</b></p><p>Il sabato 24 giugno 2017 alle ore 16.00 si dal il via al sistema fortificato \"Scale di Primolano\".</p><p>L\'evento sarà accompagnato da rinfreco e concerto.</p>',	'Via Metà Scala 12, Primolano',	'2017-06-24 16:00:00',	'2017-06-24 22:30:00',	NULL,	NULL,	NULL,	1,	'2017-06-22 15:39:44',	'2017-06-22 15:49:25'),
(4,	'Scala dei Sapori 2017',	'scala-dei-sapori-2017',	'<p style=\"text-align: center; \"><b>LE CONDIZIONI METEO PREVISTE PER DOMENICA 10 SETTEMBRE NON SONO FAVOREVOLI. IL COMITATO GARANTIRà LO SVOLGIMENTO DELLA MANIFESTAZIONE. CON IL TEMPO STABILE LA PASSEGGIATA SI SVOLGERà CON DELLE NECESSARIE MODIFICHE E UN GENERALE RIDIMENSIONAMENTO. NEL CASO DI CATTIVO TEMPO, IL PASTO , LA MUSICA E L\'INTRATTENIMENTO BIMBI SI TERRÀ A PRIMOLANO PRESSO LE EX SCUOLE ELEMENTARI DALLE ORE 12.00.</b><br></p><p><br></p><p>La <b>Scala dei Sapori</b> è una passeggiata gastronomica alla scoperta di prodotti e ricette locali lungo la <b>Scala di Primolano</b>, che collega il Paese di Primolano e quello di Fastro.</p><p>La giornata si svolge lungo la Scala chiusa al traffico, in modo da permettere ai visitatori di degustare piatti tipici, ammirare le bellezze storiche del territorio, partecipare ai laboratori didattici ed incontri con l\'autore, visitare gli espositori (pochi e selezionati) e ascoltare ottima musica.&nbsp;</p><p><br></p><p>I biglietti sono acquistabili in prevendita a prezzo ridotto (13,00<span style=\"color: rgb(34, 34, 34); font-family: arial, sans-serif; font-size: 16px;\">€</span>) online in questo sito, o nei seguenti locali:</p><p><b>Locanda Italia</b> (Primolano)<br><b>Bar Pizzeria Valgoccia</b> (Cismon Del Grappa)<br><b>Bar San Marco</b> (Arsiè)<br><b>L\'Agrifoglio</b> (Fastro)<br><b>Bicigrill</b> (Tezze)<br><b>Edicola Tabacchi il Girasole</b> (San Nazario)<br><b>Bar La Taverna</b> (Feltre)<br></p><p><br></p><p>Il costo del biglietto il giorno dell\'evento è di 15.00&nbsp;<span style=\"color: rgb(34, 34, 34); font-family: arial, sans-serif; font-size: 16px;\">€.&nbsp;</span></p>\r\n<i>Non è previsto in alcun caso il rimborso della quota d’iscrizione. <br>La manifestazione si terrà con ogni condizione climatica.</i>',	'Primolano - Fastro',	'2017-09-10 10:00:00',	'2017-09-10 22:30:00',	1300,	NULL,	158,	1,	'2017-07-02 10:00:01',	'2017-09-08 18:26:44'),
(5,	'Radio Monamur - Gli Instabili',	'radio-monamur-gli-instabili',	'<p><span style=\"font-family: \" trebuchet=\"\" ms\",=\"\" helvetica,=\"\" sans-serif;\"=\"\">Un nuovo spettacolo ‘</span><strong style=\"font-family: \" trebuchet=\"\" ms\",=\"\" helvetica,=\"\" sans-serif;\"=\"\">Radio Monamur</strong><span style=\"font-family: \" trebuchet=\"\" ms\",=\"\" helvetica,=\"\" sans-serif;\"=\"\">’ per il duo comico ‘</span><strong style=\"font-family: \" trebuchet=\"\" ms\",=\"\" helvetica,=\"\" sans-serif;\"=\"\">Gli Instabili</strong><span style=\"font-family: \" trebuchet=\"\" ms\",=\"\" helvetica,=\"\" sans-serif;\"=\"\">’ sulla breccia da oltre 37 anni. La nuova performance andrà in scena venerdì Sabato 15 luglio, presso la</span><span style=\"font-family: Verdana, Geneva, sans-serif; white-space: pre;\"><b> Fuciliera e Tagliata Fontanelle ore 21:00</b></span><span style=\"font-family: \" trebuchet=\"\" ms\",=\"\" helvetica,=\"\" sans-serif;\"=\"\">. Fonte d’ispirazione di Radio Monamur è un programma radiofonico d’intrattenimento umoristico condotto dagli stessi Instabili, al secolo </span><strong style=\"font-family: \" trebuchet=\"\" ms\",=\"\" helvetica,=\"\" sans-serif;\"=\"\">Enrico Ceccon</strong><span style=\"font-family: \" trebuchet=\"\" ms\",=\"\" helvetica,=\"\" sans-serif;\"=\"\"> e </span><strong style=\"font-family: \" trebuchet=\"\" ms\",=\"\" helvetica,=\"\" sans-serif;\"=\"\">Giancarlo Beraldin</strong><span style=\"font-family: \" trebuchet=\"\" ms\",=\"\" helvetica,=\"\" sans-serif;\"=\"\">, valbrentani doc, di Cismon del Grappa, dal quale è scaturita l’idea di trasferire sul palcoscenico una carrellata di spassosi personaggi, protagonisti di notizie curiose prese dalla cronaca.</span><br style=\"font-family: \" trebuchet=\"\" ms\",=\"\" helvetica,=\"\" sans-serif;\"=\"\"><span style=\"font-family: \" trebuchet=\"\" ms\",=\"\" helvetica,=\"\" sans-serif;\"=\"\">«Notizie particolari, ma assolutamente vere, commentate da conduttori e ospiti decisamente originali, che si alternano al microfono rispondendo alle domande del presentatore di turno - spiegano Enrico e Giancarlo. - Dalla fondatrice di uno dei cosiddetti ‘enti inutili’,  quello per la protezione degli artisti di strada, al  contadino alle prese con il ‘coniglio di compagnia’.  Dall\'allenatore di calcio inventore di una tecnica rivoluzionaria, al politico che sa  ‘mantenere’ le promesse fatte ai propri elettori. E  ancora altri personaggi che coinvolgono il pubblico e lo rendono partecipe, anzi, protagonista dello  spettacolo».</span><br></p>',	'Via Metà Scala 12, Primolano',	'2017-07-15 21:00:00',	'2017-07-15 23:00:00',	NULL,	NULL,	NULL,	1,	'2017-07-06 06:09:26',	'2017-07-06 06:13:35'),
(6,	'Castagnata Ognisanti',	'castagnata-ognisanti',	'<p>Dopo la santa messa in cimitero, alle ore 15.00 vi aspettiamo numerosi per una castagnata e brindisi presso le ex scuole di primolano.&nbsp;</p><p><b>Siete tutti benvenuti, vi aspettiamo numerosi!!!</b></p>',	'Ex scuole di Primolano',	'2017-11-01 15:00:00',	'2017-11-01 18:30:00',	NULL,	NULL,	NULL,	1,	'2017-10-30 11:14:52',	'2017-10-30 11:14:52'),
(7,	'La Scala dei Motori',	'la-scala-dei-motori',	'<p><font color=\"#1d2129\" face=\"Helvetica, Arial, sans-serif\">‘La Scala dei Motori’ consiste nell\'esposizione&nbsp;di mezzi militari d’epoca con sfilata lungo le Scale di Primolano, </font><b style=\"color: rgb(29, 33, 41); font-family: Helvetica, Arial, sans-serif;\">mercatino dell’artigianato</b><font color=\"#1d2129\" face=\"Helvetica, Arial, sans-serif\"> lungo via Capovilla e </font><b style=\"color: rgb(29, 33, 41); font-family: Helvetica, Arial, sans-serif;\">stand gastronomico</b><font color=\"#1d2129\" face=\"Helvetica, Arial, sans-serif\"> presso le ex scuole di Primolano. Durante la giornata sarà inoltre visitabile, grazie alla disponibilità di SVF, la Rimessa Locomotive di Primolano.</font><br></p>',	'Primolano',	'2018-06-24 09:00:00',	'2018-06-24 18:00:00',	NULL,	NULL,	NULL,	1,	'2018-04-22 14:46:26',	'2018-05-06 14:36:19'),
(8,	'Valsugana Rock 2018',	'valsugana-rock-2018',	'<p>Sul palco di saranno:&nbsp;</p><p>Fantida - Keidò - Repubblica di Cefalonia - Effetto Topaia - B.IST Conspirancy - j&amp;B - Torkemada - La città degli Angeli (tributo Eagles)</p><p><br></p><p>Valsugana Rock 28 luglio 2018 dalle 17.30 alle 02.00</p>',	'Primolano - Batteria Fontanelle, Via Cima Scala',	'2018-07-28 17:30:00',	'2018-07-28 02:00:00',	NULL,	NULL,	NULL,	1,	'2018-07-05 18:11:40',	'2018-07-05 18:24:12'),
(9,	'Scala dei Sapori 2018',	'scala-dei-sapori-2018',	'<p></p><p>La <b>Scala dei Sapori</b> è una passeggiata gastronomica alla scoperta di prodotti e ricette locali lungo la <b>Scala di Primolano</b>, che collega il Paese di Primolano e quello di Fastro.</p><p>La giornata si svolge lungo la Scala chiusa al traffico, in modo da permettere ai visitatori di degustare piatti tipici, ammirare le bellezze storiche del territorio, partecipare ai laboratori didattici ed incontri con l\'autore, visitare gli espositori (pochi e selezionati) e ascoltare ottima musica.</p>\r\n<p>I biglietti, <b>necessari per il percorso degustazione</b>, sono <u>acquistabili in prevendita a prezzo ridotto 13,00€</u> online in questo sito, o nei seguenti locali:</p>\r\n<p>\r\n	<b>Locanda Italia</b> (Primolano)<br>\r\n	<b>Beauty Garden</b> (Primolano)<br>\r\n	<b>L\'Orticello</b> (Arsiè)<br>\r\n	<b>Bar Pizzeria La Taverna</b> (Feltre)<br>\r\n	<b>Bicigrill</b> (Tezze)<br>\r\n	<b>Bar Cima 12</b> (Enego)</p>\r\n<p>Il <u>costo del biglietto il giorno dell\'evento è di 15,00€</u>, acquistabili a Fastro presso la Batteria Fontanelle e a Primolano nel piazzale della Chiesa. Apertura delle iscrizioni alle ore 9.00</p>\r\n<p>Gli STANDS GASTRONOMICI saranno aperti delle 10.00 fino alle 17.00</p>\r\n\r\n<p>Anche quest\'anno ci avremo:</p><p>\r\n	<b>ZONA BIMBI</b> con Il Mago Dado, Il Piccolo Principe con Clinica Mobile dei pupazzi, Spettacolo teatrale \"una volta c\'erano le miniere\"<br>\r\n	<b>VISITE GUIDATE ALLA FORTEZZA</b> <br>\r\n	<b>LABORATORI DIDATTICI</b> <br>\r\n	<b>ARTIGIANATO LOCALE</b> <br>\r\n	<b>ASSOCIAZIONI</b> <br>\r\n	<b>RISTORATORI</b> <br>\r\n</p>\r\n\r\n<i>Non è previsto in alcun caso il rimborso della quota d’iscrizione. <br>La manifestazione si terrà con ogni condizione climatica.</i><p></p><p><i><br></i></p><p><b><u>Durante tutta la manifestazione sarà attiva la navetta</u></b>. Un grazie speciale all\'Auser - circolo di Arsiè che è sempre attente ai più bisognosi... e a collaborare per il bene del territorio.<br></p>',	'Primolano - Fastro',	'2018-09-09 10:00:00',	'2018-09-09 22:30:00',	1300,	NULL,	169,	1,	'2018-08-10 14:22:22',	'2018-09-06 17:11:59'),
(10,	'Scala dei Motori 2019',	'scala-dei-motori-2019',	'<h3>Ritorna la Scala Dei Motori, edizione 2019!</h3><p><b>Quest\'anno sfileranno le auto del club CinCent Trentino, con FIAT 500 e derivate.</b></p><blockquote>Aperitivi saranno aperti dalle 10.00 e la cucina dalle 12.30.</blockquote><p>Lo stand gastronomico comprende:</p><ul><li>fettuccine al ragù di anatra bianco</li><li>arrosto di lonza</li><li>contorno</li><li>gelato con mele caramellate</li><li>caffé</li><li>e tanto altro</li></ul><p>Inoltre saranno aperte al pubblico:</p><ul><li>la rimessa locomotive</li><li>visite guidate al forte di Primolano e la mostra permanente</li></ul><p></p><p>Nel pomeriggio un saluto da \"Gli Instabili\"!</p><p><br></p><i>Per maggiori informazioni, contattateci attraverso il sito o su Facebook o +39 388 119 9810</i>',	'Primolano',	'2019-06-23 10:00:00',	'2019-06-23 18:00:00',	NULL,	NULL,	NULL,	1,	'2019-04-27 07:08:29',	'2019-05-23 05:13:23'),
(11,	'Scala dei Sapori 2019',	'scala-dei-sapori-2019',	'<h3 style=\"font-family: \" helvetica=\"\" neue\",=\"\" helvetica,=\"\" arial,=\"\" sans-serif;=\"\" color:=\"\" rgb(0,=\"\" 0,=\"\" 0);\"=\"\">Novità 2019:&nbsp;<br>Per la prima volta&nbsp;<span style=\"font-weight: 700;\"><u>il percorso entra in Fuciliera e nella Batteria Fontanelle</u></span>&nbsp;e per cercare di non riempire la valle di plastica inutile&nbsp;<span style=\"font-weight: 700;\"><u>daremo a ciascun partecipante un bicchiere in cauzione!</u></span></h3><p>La&nbsp;<span style=\"font-weight: 700;\">Scala dei Sapori</span>&nbsp;è una passeggiata gastronomica alla scoperta di prodotti e ricette locali lungo la&nbsp;<span style=\"font-weight: 700;\">Scala di Primolano</span>, che collega il Paese di Primolano e quello di Fastro.</p><p>La giornata si svolge lungo la Scala chiusa al traffico, in modo da permettere ai visitatori di degustare piatti tipici, ammirare le bellezze storiche del territorio, partecipare ai laboratori didattici ed incontri con l\'autore, visitare gli espositori (pochi e selezionati) e ascoltare ottima musica.</p><p>I biglietti,&nbsp;<span style=\"font-weight: 700;\">necessari per il percorso degustazione</span>, sono&nbsp;<u>acquistabili in prevendita a prezzo ridotto 13,00€</u>&nbsp;online in questo sito, o nei seguenti locali:</p><p><span style=\"font-weight: 700;\">Locanda Italia</span>&nbsp;(Primolano)<br><span style=\"font-weight: 700;\">Beauty Garden</span>&nbsp;(Primolano)<br><span style=\"font-weight: 700;\">Bar Pizzeria Valgoccia</span>&nbsp;(Cismon)<br><span style=\"font-weight: 700;\">L\'Orticello</span>&nbsp;(Arsiè)<br><span style=\"font-weight: 700;\">Bar Pizzeria La Taverna</span>&nbsp;(Feltre)<br><span style=\"font-weight: 700;\">Bicigrill</span>&nbsp;(Tezze)<br><span style=\"font-weight: 700;\">Bar Cima 12</span>&nbsp;(Enego)</p><p>Il&nbsp;<u>costo del biglietto il giorno dell\'evento è di 15,00€</u>, acquistabili a Fastro presso la Batteria Fontanelle e a Primolano nel piazzale della Chiesa. Apertura delle iscrizioni alle ore 9.00</p><p>Gli STANDS GASTRONOMICI saranno aperti delle 10.00 fino alle 17.00</p><p>Anche quest\'anno ci avremo:</p><p><b>ZONA BIMBI:</b><br>&nbsp; &nbsp; Percorso di giochi di un tempo e d\'oggi (bersaglio, bowling, cerchietti biricchini, canestro..) con un piccolo premio finale <br>&nbsp; &nbsp; Baby parking con attività libera e disegno<br>&nbsp; &nbsp; Due spettacoli di magia lungo il percorso uno la mattina e uno il pomeriggio con Mago Dado<br>&nbsp; &nbsp; Gonfiabili e trucca bimbi tutto il giorno presso il Forte<br>&nbsp; &nbsp; Dalle 16.00 alle 17.00 baby dance presso il Forte<br><span style=\"font-weight: 700;\">VISITE GUIDATE ALLA FORTEZZA</span>&nbsp;<br><span style=\"font-weight: 700;\">LABORATORI DIDATTICI</span>&nbsp;<br><span style=\"font-weight: 700;\">ARTIGIANATO LOCALE</span>&nbsp;<br><span style=\"font-weight: 700;\">ASSOCIAZIONI</span>&nbsp;<br><span style=\"font-weight: 700;\">RISTORATORI</span>&nbsp;<br></p><p><i>Non è previsto in alcun caso il rimborso della quota d’iscrizione.&nbsp;<br>La manifestazione si terrà con ogni condizione climatica.</i><br></p>',	'Primolano - Fastro',	'2019-09-08 10:00:00',	'2019-09-08 23:00:00',	1300,	NULL,	174,	1,	'2019-08-14 16:39:49',	'2019-09-04 16:09:43'),
(12,	'Festa di Natale',	'festa-di-natale',	'<h3 style=\"text-align: center; \">Associazione Tagliata vi invita alla <font color=\"#ff0000\"><b>festa di natale 2019</b></font>.</h3><p style=\"text-align: center;\">Martedì 24 dicembre alle 18.00</p><h4 style=\"text-align: center; \">Babbo natale porterà regali ai bambini.</h4><h4 style=\"text-align: center; \"><i>I festeggiamenti proseguiranno al capannone presso le ex scuole.</i></h4>',	'Primolano, davanti alla chiesa',	'2019-12-24 18:00:00',	'2019-12-24 21:00:00',	NULL,	NULL,	NULL,	1,	'2019-12-22 17:04:39',	'2019-12-22 17:08:17'),
(13,	'Scala dei Motori 2021',	'scala-dei-motori-2021',	'<p><h3>Ritorna la Scala Dei Motori, edizione 2021!</h3><p><b>Quest\'anno sfileranno le auto del Bassano Club, con Lancia Delta.</b></p><br><i>Per maggiori informazioni, contattateci attraverso il sito o su Facebook o +39 388 119 9810</i></p><p><i><br></i></p><p><i><font color=\"#ffffff\" style=\"background-color: rgb(8, 82, 148);\">ore 10.15 </font><br>Ritrovo presso <b>PRIMOLANO</b>, con parcheggio ed esposizione delle vetture lungo la via principale dove verrà servito l\'aperitivo dall\'Associazione Tagliata della Scala - Primolano</i></p><p><i><font color=\"#ffffff\" style=\"background-color: rgb(8, 82, 148);\">ore 10.45 </font><br>Visita guidata alla vecchia stazione ferroviaria e rimessa macchine FS, \"Costituendo Museo Ferroviario di Primolano\", e all\'Antica <b>LOCOMOTIVA A VAPORE</b>.</i></p><p><i><font color=\"#ffffff\" style=\"background-color: rgb(8, 82, 148);\">ore 12.30 </font><br>Pranzo servioto presso <b>ASSOCIAZIONE TAGLIATA DELLA SCALA</b></i></p><p><i><font color=\"#ffffff\" style=\"background-color: rgb(8, 82, 148);\">ore 14.30 </font><br>Partenza verso le <b>SCALE DI PRIMOLANO </b>per sfilata, con strada chiusa al traffico, con destinazione <b>COMPLESSO FORTIFICATORIO DI PRIMOLANO</b>, parcheggio e visita guidata al forte;</i></p><p><i><font color=\"#ffffff\" style=\"background-color: rgb(8, 82, 148);\">ore 16.30 </font><br>Ritorno a Primolano per il proseguo della serata.</i></p><p><i><br></i></p><h3 style=\"text-align: center; \"><i><b><u>OBBLIGATORIO MASCHERINA E MODULO SCARICO RESPONSABILITA\' FIRMATO</u></b></i></h3><p style=\"text-align: center; \"><i><br></i></p><h4 style=\"text-align: center; \"><i>Costo <b>€ 25,00</b> a persona (ragazzi compresi)</i></h4><p style=\"text-align: center; \"><i><br></i></p><h4 style=\"text-align: center; \"><i>Prenotazioni entro il <b>05/09/2021</b></i></h4><p><i><br></i></p><p><i>BONIFICO:</i></p><p><i>Befeficiario: BASSANO DELTA CLUB</i></p><p><i>Unicredit Banca IBAN: IT 26 R 02008 60165 000104189220</i></p><p><i><br></i></p><p><i>POSTEPAY:</i></p><p><i>Numero: 5333 1710 3236 3414</i></p><p><i>Beneficiario: PERNECHELE GIAMPIETRO</i></p><p><i>Codice Fiscale: PRNGPT49R07F3061</i></p><p><i><br></i></p><p><i><b>N.B.: Si prega cortesemente di rispettare gli orari di arrivo; la manifestazione di terrà anche in caso di maltempo ed in ogni caso anche senza la \"DELTA\", previa partenza in coda alla carovana.</b></i></p>',	'Primolano',	'2021-09-12 10:00:00',	'2021-09-12 17:00:00',	NULL,	NULL,	NULL,	1,	'2021-08-01 06:59:22',	'2021-08-09 06:00:23'),
(14,	'San Rocco 2021',	'san-rocco-2021',	'<p>Il Comitato <b>Pro Primolano</b>&nbsp;con l\'<b>Associazione Culturale Tagliata della Scala</b>&nbsp;e il <b>Comune di Valbrenta</b>&nbsp;organizzano<b> San Rocco a Primolano 2021</b></p><h3><span style=\"font-family: inherit; background-color: rgb(8, 82, 148);\"><font color=\"#ffffff\">Sabato 14</font></span><br></h3><p><b>ore 18.00</b> aperitivo con l\'autore Luca Girotto, presentazione libro \"<font color=\"#ce0000\" style=\"\"><b style=\"\">Il fantasma della Val Cismon</b></font>\"<br><b>ore 19.00</b> apertura stand gastronomico<br><b>ore 21.00</b> serata <font color=\"#ce0000\"><b>COUNTRY</b></font></p><p><font color=\"#ce0000\"><b><br></b></font></p><h3><font color=\"#ffffff\" style=\"background-color: rgb(8, 82, 148);\">Domenica 15</font></h3><p><b>ore 12.30</b> pranzo di trippe su prenotazione, in ricordo di Grando Angelo<br><b>ore 19.00</b> apertura stand gastronomico<br><b>ore 20.00</b> serata musicale con <font color=\"#ce0000\"><b>Alberto Visentin And Rob Daz</b></font></p><p><font color=\"#ce0000\"><b><br></b></font></p><h3><font color=\"#ffffff\" style=\"background-color: rgb(8, 82, 148);\">Lunedì 16</font></h3><p><b>ore 12.30</b> pranzo sociale su prenotazione.</p><p><br></p><p>Per prenotazioni inviare un messaggio al numero <b><a href=\"tel:+393408997186\" target=\"_blank\">340 8997186</a></b>, inserendo:</p><ol><li>nome di chi prenota</li><li>numero di telefono di chi prenota</li><li>numero di persone</li></ol><p><br></p>',	'Primolano',	'2021-08-14 18:00:00',	'2021-08-16 18:00:00',	NULL,	NULL,	NULL,	1,	'2021-08-07 15:37:40',	'2021-08-09 06:44:15'),
(15,	'Scala dei Sapori 2022',	'scala-dei-sapori-2022',	'<p>La&nbsp;<span style=\"font-weight: 700;\">Scala dei Sapori</span>&nbsp;è una passeggiata gastronomica alla scoperta di prodotti e ricette locali lungo la&nbsp;<span style=\"font-weight: 700;\">Scala di Primolano</span>, che collega il Paese di Primolano e quello di Fastro.</p><p>La giornata si svolge lungo la Scala chiusa al traffico, in modo da permettere ai visitatori di degustare piatti tipici, ammirare le bellezze storiche del territorio, partecipare ai laboratori didattici ed incontri con l\'autore, visitare gli espositori (pochi e selezionati) e ascoltare ottima musica.</p><p>I biglietti,&nbsp;<span style=\"font-weight: 700;\">necessari per il percorso degustazione</span>, sono&nbsp;<u>acquistabili in prevendita a prezzo ridotto 15,00€</u>&nbsp;online in questo sito, o nei seguenti locali:</p><p><span style=\"font-weight: 700;\">Locanda Italia</span>&nbsp;(Primolano)<br><span style=\"font-weight: 700;\">Beauty Garden</span>&nbsp;(Primolano)<br><span style=\"font-weight: 700;\">Bar Pizzeria Valgoccia</span>&nbsp;(Cismon)<br><span style=\"font-weight: 700;\">L\'Orticello</span>&nbsp;(Arsiè)<br><span style=\"font-weight: 700;\">Bar Pizzeria La Taverna</span>&nbsp;(Feltre)<br><span style=\"font-weight: 700;\">Bicigrill</span>&nbsp;(Tezze)<br><span style=\"font-weight: 700;\">Bar Cima 12</span>&nbsp;(Enego)</p><p>Il&nbsp;<u>costo del biglietto il giorno dell\'evento è di 18,00€</u>, acquistabili a Fastro presso la Batteria Fontanelle e a Primolano nel piazzale della Chiesa. Apertura delle iscrizioni alle ore 9.00</p><p>Gli STANDS GASTRONOMICI saranno aperti delle 10.00 fino alle 17.00</p>',	'Primolano - Fastro',	'2022-09-11 10:00:00',	'2022-09-11 21:00:00',	1500,	NULL,	153,	1,	'2022-08-23 13:24:57',	'2022-09-08 11:33:30'),
(16,	'Vini di frontiera',	'vini-di-frontiera',	'<blockquote>Sabato 22 Giugno dalle ore 14.00&nbsp;<br>Deguastazioni, cicchetti, conferenze e tanta MUSICA!</blockquote><p>Presso il piazzale del forte della Batteria Fontanelle in Via Cima Scala, Loc. Fastro Bassanese (VI).</p><p><b>Prevendita 15 EURO. <u>Inclusi nel biglietto 4 degustazioni di vini</u>.</b></p><p>Prevendita presso:</p><ol><li>Bar San Marco - Arsiè</li><li>Bicigrill - Tezze</li><li>Valgoccia - Cismon&nbsp;</li></ol>',	'Batteria Fontanelle, in via Cima Scala',	'2024-06-22 14:00:00',	'2024-06-22 20:30:00',	NULL,	NULL,	NULL,	1,	'2024-05-30 14:28:45',	'2024-06-11 07:51:16');

DROP TABLE IF EXISTS `galleries`;
CREATE TABLE `galleries` (
  `id` int(10) unsigned NOT NULL AUTO_INCREMENT,
  `name` varchar(191) NOT NULL,
  `slug` varchar(191) NOT NULL,
  `description` text NOT NULL,
  `created_at` timestamp NULL DEFAULT NULL,
  `updated_at` timestamp NULL DEFAULT NULL,
  PRIMARY KEY (`id`)
) ENGINE=InnoDB DEFAULT CHARSET=utf8mb4 COLLATE=utf8mb4_unicode_ci;

INSERT INTO `galleries` (`id`, `name`, `slug`, `description`, `created_at`, `updated_at`) VALUES
(1,	'Alcune Foto della Scala dei sapori 2015',	'alcune-foto-della-scala-dei-sapori-2015',	'33 stands, centinaia di persone coinvolte, 2 area riservate alla musica, 5 laboratori per bambini ed adulti, 1 rievocazione storica, 7 punti storico culturali, 12 stands gastronomici (dal gelato alla grappa, formaggi, miele, polenta funghi, pesce ...) e tanto tanto altro',	'2015-09-15 06:43:41',	'2017-04-29 06:43:41'),
(2,	'Galleria di immagini della Scala Dei Sapori 2016',	'galleria-di-immagini-della-scala-dei-sapori-2016',	'Foto fatte un po\' di qua e un po\' di là dell\'edizione 2016 della scala dei sapori di Primolano',	'2016-09-14 12:02:34',	'2017-04-30 12:02:34'),
(3,	'Immagini Scala dei Sapori 2014',	'immagini-scala-dei-sapori-2014',	'Foto dell\'edizione 2014 in una bella giornata di sole',	'2014-09-16 12:12:33',	'2017-04-30 12:12:33'),
(4,	'Gita città della pietra',	'gita-citta-della-pietra',	'Giornata ed escursione nella città della pietra',	'2014-03-05 13:19:34',	'2017-04-30 12:19:34'),
(5,	'Ciaspolata',	'ciaspolata',	'Ciaspolata sulla neve',	'2014-06-24 12:21:23',	'2017-04-30 12:21:23'),
(6,	'Gita al Lisse e al Covolo',	'gita-al-lisse-e-al-covolo',	'Gita al forte Lisser e al covolo',	'2014-06-20 12:23:17',	'2017-04-30 12:23:17'),
(7,	'Foto instabili - Radio Monamur',	'foto-instabili-radio-monamur',	'<p><span trebuchet=\"\" ms\",=\"\" helvetica,=\"\" sans-serif;\"=\"\" style=\"color: rgb(95, 95, 95); font-family: &quot;Open Sans&quot;, arial, sans-serif; font-size: 16px;\">Alcune foto dell\'estate 2017 del duo teatrale \"Gli Instabili\" presso la</span><span style=\"color: rgb(95, 95, 95); font-size: 16px; font-family: Verdana, Geneva, sans-serif; white-space: pre;\"><span style=\"font-weight: 700; -webkit-tap-highlight-color: transparent;\"> Fuciliera e Tagliata Fontanelle</span></span><br></p>',	'2018-01-09 23:51:21',	'2018-01-09 23:51:21'),
(8,	'Valsugana Rock',	'valsugana-rock',	'<p>La prima edizione del Valsugana Rock&nbsp;</p>',	'2018-01-10 00:19:32',	'2018-01-10 00:19:32');

DROP TABLE IF EXISTS `media`;
CREATE TABLE `media` (
  `id` int(10) unsigned NOT NULL AUTO_INCREMENT,
  `mime` varchar(191) NOT NULL,
  `filename` varchar(191) NOT NULL,
  `description` varchar(191) NOT NULL,
  `mediable_id` int(11) NOT NULL,
  `mediable_type` varchar(191) NOT NULL,
  `created_at` timestamp NULL DEFAULT NULL,
  `updated_at` timestamp NULL DEFAULT NULL,
  PRIMARY KEY (`id`)
) ENGINE=InnoDB DEFAULT CHARSET=utf8mb4 COLLATE=utf8mb4_unicode_ci;

INSERT INTO `media` (`id`, `mime`, `filename`, `description`, `mediable_id`, `mediable_type`, `created_at`, `updated_at`) VALUES
(26,	'image',	'alcune-foto-della-scala-dei-sapori-2015-2017-BczE.jpg',	'fila fila fila!',	1,	'App\\Gallery',	'2017-04-29 06:51:38',	'2017-04-29 07:18:33'),
(27,	'image',	'alcune-foto-della-scala-dei-sapori-2015-2017-1CDP.jpg',	'stand fattoria piovega',	1,	'App\\Gallery',	'2017-04-29 06:51:48',	'2017-04-29 07:18:57'),
(28,	'image',	'alcune-foto-della-scala-dei-sapori-2015-2017-By9E.jpg',	'il tabacco di luciano',	1,	'App\\Gallery',	'2017-04-29 06:51:48',	'2017-04-29 07:19:06'),
(29,	'image',	'alcune-foto-della-scala-dei-sapori-2015-2017-qHtT.jpg',	'formaggio d\'argento',	1,	'App\\Gallery',	'2017-04-29 06:51:48',	'2017-04-29 07:19:13'),
(30,	'image',	'alcune-foto-della-scala-dei-sapori-2015-2017-DVSp.jpg',	'preparazione per la rievocazione storica',	1,	'App\\Gallery',	'2017-04-29 06:51:48',	'2017-04-29 07:19:23'),
(31,	'image',	'alcune-foto-della-scala-dei-sapori-2015-2017-UaFs.jpg',	'Alcune Foto della Scala dei sapori 2015 2017',	1,	'App\\Gallery',	'2017-04-29 06:51:48',	'2017-04-29 06:51:48'),
(32,	'image',	'alcune-foto-della-scala-dei-sapori-2015-2017-7TMJ.jpg',	'i goti sono pronti',	1,	'App\\Gallery',	'2017-04-29 06:51:49',	'2017-04-29 07:19:44'),
(33,	'image',	'alcune-foto-della-scala-dei-sapori-2015-2017-WzJL.jpg',	'passanti a due ruote',	1,	'App\\Gallery',	'2017-04-29 06:51:49',	'2017-04-29 07:20:02'),
(34,	'image',	'alcune-foto-della-scala-dei-sapori-2015-2017-WczP.jpg',	'artisti valbrenta',	1,	'App\\Gallery',	'2017-04-29 06:51:49',	'2017-04-29 07:20:20'),
(35,	'image',	'alcune-foto-della-scala-dei-sapori-2015-2017-9qpe.jpg',	'Contra Ca\' Cornaro Palio di Romano',	1,	'App\\Gallery',	'2017-04-29 06:51:49',	'2017-04-29 07:20:34'),
(36,	'image',	'alcune-foto-della-scala-dei-sapori-2015-2017-1vKa.jpg',	'bandiera della rievocazione storica',	1,	'App\\Gallery',	'2017-04-29 06:51:49',	'2017-04-29 07:20:46'),
(37,	'image',	'alcune-foto-della-scala-dei-sapori-2015-2017-ClU9.jpg',	'alpin',	1,	'App\\Gallery',	'2017-04-29 06:51:49',	'2017-04-29 07:20:53'),
(38,	'image',	'alcune-foto-della-scala-dei-sapori-2015-2017-kv1N.jpg',	'musica',	1,	'App\\Gallery',	'2017-04-29 06:51:49',	'2017-04-29 07:20:58'),
(39,	'image',	'alcune-foto-della-scala-dei-sapori-2015-2017-8pBi.jpg',	's.v.',	1,	'App\\Gallery',	'2017-04-29 06:51:50',	'2017-04-29 07:21:02'),
(40,	'image',	'alcune-foto-della-scala-dei-sapori-2015-2017-SrMw.jpg',	'ciclista',	1,	'App\\Gallery',	'2017-04-29 06:51:50',	'2017-04-29 07:21:11'),
(41,	'image',	'alcune-foto-della-scala-dei-sapori-2015-2017-8CmV.jpg',	'intrattenimento bambini',	1,	'App\\Gallery',	'2017-04-29 06:51:50',	'2017-04-29 07:21:18'),
(42,	'image',	'alcune-foto-della-scala-dei-sapori-2015-2017-wn0T.jpg',	'Contra Ca\' Cornaro Palio di Romano',	1,	'App\\Gallery',	'2017-04-29 06:51:50',	'2017-04-29 07:21:25'),
(43,	'image',	'galleria-di-immagini-della-scala-dei-sapori-2016-2017-SDW1.jpg',	'Chiesa di Primolano l\'angolo di stefano 2016',	2,	'App\\Gallery',	'2017-04-30 12:02:47',	'2017-04-30 12:03:19'),
(44,	'image',	'galleria-di-immagini-della-scala-dei-sapori-2016-2017-KTT8.jpg',	'struttura a tre fucili 2016',	2,	'App\\Gallery',	'2017-04-30 12:02:47',	'2017-04-30 12:03:57'),
(45,	'image',	'galleria-di-immagini-della-scala-dei-sapori-2016-2017-0YmY.jpg',	'Piazzale davanti alla chiesa di primolano 2016',	2,	'App\\Gallery',	'2017-04-30 12:02:48',	'2017-04-30 12:04:16'),
(46,	'image',	'galleria-di-immagini-della-scala-dei-sapori-2016-2017-gSQ8.jpg',	'Fagioli 2016',	2,	'App\\Gallery',	'2017-04-30 12:02:48',	'2017-04-30 12:04:35'),
(47,	'image',	'galleria-di-immagini-della-scala-dei-sapori-2016-2017-x92V.jpg',	'Galleria di immagini della Scala Dei Sapori 2016 2017',	2,	'App\\Gallery',	'2017-04-30 12:02:48',	'2017-04-30 12:02:48'),
(48,	'image',	'galleria-di-immagini-della-scala-dei-sapori-2016-2017-7czp.jpg',	'Gioco maca cioi 2016',	2,	'App\\Gallery',	'2017-04-30 12:02:48',	'2017-04-30 12:04:48'),
(49,	'image',	'galleria-di-immagini-della-scala-dei-sapori-2016-2017-P0M9.jpg',	'La nostra guida all fortificazioni 2016',	2,	'App\\Gallery',	'2017-04-30 12:02:48',	'2017-04-30 12:05:06'),
(50,	'image',	'galleria-di-immagini-della-scala-dei-sapori-2016-2017-5mPp.jpg',	'Rievocazioni con tanti bum 2016',	2,	'App\\Gallery',	'2017-04-30 12:02:48',	'2017-04-30 12:05:20'),
(51,	'image',	'galleria-di-immagini-della-scala-dei-sapori-2016-2017-8E0M.jpg',	'momento  2016',	2,	'App\\Gallery',	'2017-04-30 12:02:49',	'2017-04-30 12:05:31'),
(52,	'image',	'galleria-di-immagini-della-scala-dei-sapori-2016-2017-CXRw.jpg',	'La seta e il baco 2016',	2,	'App\\Gallery',	'2017-04-30 12:02:49',	'2017-04-30 12:05:44'),
(53,	'image',	'galleria-di-immagini-della-scala-dei-sapori-2016-2017-bhFP.jpg',	'Due grandi belle donne 2016',	2,	'App\\Gallery',	'2017-04-30 12:02:49',	'2017-04-30 12:05:58'),
(54,	'image',	'galleria-di-immagini-della-scala-dei-sapori-2016-2017-Rg0J.jpg',	'Galleria di immagini della Scala Dei Sapori 2016 2017',	2,	'App\\Gallery',	'2017-04-30 12:02:49',	'2017-04-30 12:02:49'),
(55,	'image',	'galleria-di-immagini-della-scala-dei-sapori-2016-2017-DiFh.jpg',	'Galleria di immagini della Scala Dei Sapori 2016 2017',	2,	'App\\Gallery',	'2017-04-30 12:02:49',	'2017-04-30 12:02:49'),
(56,	'image',	'galleria-di-immagini-della-scala-dei-sapori-2016-2017-nBrt.jpg',	'Galleria di immagini della Scala Dei Sapori 2016 2017',	2,	'App\\Gallery',	'2017-04-30 12:02:49',	'2017-04-30 12:02:49'),
(57,	'image',	'galleria-di-immagini-della-scala-dei-sapori-2016-2017-xntQ.jpg',	'Galleria di immagini della Scala Dei Sapori 2016 2017',	2,	'App\\Gallery',	'2017-04-30 12:02:50',	'2017-04-30 12:02:50'),
(58,	'image',	'galleria-di-immagini-della-scala-dei-sapori-2016-2017-D8CA.jpg',	'Galleria di immagini della Scala Dei Sapori 2016 2017',	2,	'App\\Gallery',	'2017-04-30 12:02:50',	'2017-04-30 12:02:50'),
(59,	'image',	'galleria-di-immagini-della-scala-dei-sapori-2016-2017-NzpM.jpg',	'Galleria di immagini della Scala Dei Sapori 2016 2017',	2,	'App\\Gallery',	'2017-04-30 12:02:50',	'2017-04-30 12:02:50'),
(60,	'image',	'galleria-di-immagini-della-scala-dei-sapori-2016-2017-1003.jpg',	'Galleria di immagini della Scala Dei Sapori 2016 2017',	2,	'App\\Gallery',	'2017-04-30 12:02:50',	'2017-04-30 12:02:50'),
(61,	'image',	'galleria-di-immagini-della-scala-dei-sapori-2016-2017-hea3.jpg',	'Galleria di immagini della Scala Dei Sapori 2016 2017',	2,	'App\\Gallery',	'2017-04-30 12:02:50',	'2017-04-30 12:02:50'),
(62,	'image',	'galleria-di-immagini-della-scala-dei-sapori-2016-2017-wK8b.jpg',	'Galleria di immagini della Scala Dei Sapori 2016 2017',	2,	'App\\Gallery',	'2017-04-30 12:02:50',	'2017-04-30 12:02:50'),
(63,	'image',	'immagini-scala-dei-sapori-2014-2017-zoXA.jpg',	'Immagini Scala dei Sapori 2014 2017',	3,	'App\\Gallery',	'2017-04-30 12:12:51',	'2017-04-30 12:12:51'),
(64,	'image',	'immagini-scala-dei-sapori-2014-2017-8CAk.jpg',	'Immagini Scala dei Sapori 2014 2017',	3,	'App\\Gallery',	'2017-04-30 12:12:51',	'2017-04-30 12:12:51'),
(65,	'image',	'immagini-scala-dei-sapori-2014-2017-sZxa.jpg',	'Immagini Scala dei Sapori 2014 2017',	3,	'App\\Gallery',	'2017-04-30 12:12:51',	'2017-04-30 12:12:51'),
(66,	'image',	'immagini-scala-dei-sapori-2014-2017-9fLe.jpg',	'Immagini Scala dei Sapori 2014 2017',	3,	'App\\Gallery',	'2017-04-30 12:12:51',	'2017-04-30 12:12:51'),
(67,	'image',	'immagini-scala-dei-sapori-2014-2017-Saon.jpg',	'Immagini Scala dei Sapori 2014 2017',	3,	'App\\Gallery',	'2017-04-30 12:12:52',	'2017-04-30 12:12:52'),
(68,	'image',	'immagini-scala-dei-sapori-2014-2017-aYY8.jpg',	'Immagini Scala dei Sapori 2014 2017',	3,	'App\\Gallery',	'2017-04-30 12:12:52',	'2017-04-30 12:12:52'),
(69,	'image',	'immagini-scala-dei-sapori-2014-2017-qbim.jpg',	'Immagini Scala dei Sapori 2014 2017',	3,	'App\\Gallery',	'2017-04-30 12:12:52',	'2017-04-30 12:12:52'),
(70,	'image',	'immagini-scala-dei-sapori-2014-2017-z2nO.jpg',	'Immagini Scala dei Sapori 2014 2017',	3,	'App\\Gallery',	'2017-04-30 12:12:52',	'2017-04-30 12:12:52'),
(71,	'image',	'immagini-scala-dei-sapori-2014-2017-z4h3.jpg',	'Immagini Scala dei Sapori 2014 2017',	3,	'App\\Gallery',	'2017-04-30 12:12:52',	'2017-04-30 12:12:52'),
(72,	'image',	'immagini-scala-dei-sapori-2014-2017-v5ye.jpg',	'Immagini Scala dei Sapori 2014 2017',	3,	'App\\Gallery',	'2017-04-30 12:12:53',	'2017-04-30 12:12:53'),
(73,	'image',	'immagini-scala-dei-sapori-2014-2017-Qw2E.jpg',	'Immagini Scala dei Sapori 2014 2017',	3,	'App\\Gallery',	'2017-04-30 12:12:53',	'2017-04-30 12:12:53'),
(74,	'image',	'immagini-scala-dei-sapori-2014-2017-Z8Vs.jpg',	'Immagini Scala dei Sapori 2014 2017',	3,	'App\\Gallery',	'2017-04-30 12:12:53',	'2017-04-30 12:12:53'),
(75,	'image',	'immagini-scala-dei-sapori-2014-2017-BhEg.jpg',	'Immagini Scala dei Sapori 2014 2017',	3,	'App\\Gallery',	'2017-04-30 12:12:53',	'2017-04-30 12:12:53'),
(76,	'image',	'immagini-scala-dei-sapori-2014-2017-2S2v.jpg',	'Immagini Scala dei Sapori 2014 2017',	3,	'App\\Gallery',	'2017-04-30 12:12:53',	'2017-04-30 12:12:53'),
(77,	'image',	'immagini-scala-dei-sapori-2014-2017-GjAY.jpg',	'Immagini Scala dei Sapori 2014 2017',	3,	'App\\Gallery',	'2017-04-30 12:12:53',	'2017-04-30 12:12:53'),
(78,	'image',	'immagini-scala-dei-sapori-2014-2017-fwLY.jpg',	'Immagini Scala dei Sapori 2014 2017',	3,	'App\\Gallery',	'2017-04-30 12:12:54',	'2017-04-30 12:12:54'),
(79,	'image',	'immagini-scala-dei-sapori-2014-2017-6kGX.jpg',	'Immagini Scala dei Sapori 2014 2017',	3,	'App\\Gallery',	'2017-04-30 12:12:54',	'2017-04-30 12:12:54'),
(80,	'image',	'immagini-scala-dei-sapori-2014-2017-XnD1.jpg',	'Immagini Scala dei Sapori 2014 2017',	3,	'App\\Gallery',	'2017-04-30 12:12:54',	'2017-04-30 12:12:54'),
(81,	'image',	'immagini-scala-dei-sapori-2014-2017-6T1L.jpg',	'Immagini Scala dei Sapori 2014 2017',	3,	'App\\Gallery',	'2017-04-30 12:12:54',	'2017-04-30 12:12:54'),
(82,	'image',	'immagini-scala-dei-sapori-2014-2017-19We.jpg',	'Immagini Scala dei Sapori 2014 2017',	3,	'App\\Gallery',	'2017-04-30 12:12:54',	'2017-04-30 12:12:54'),
(83,	'image',	'gita-citta-della-pietra-2017-8xIR.jpg',	'Gita città della pietra 2014',	4,	'App\\Gallery',	'2017-04-30 12:19:42',	'2017-04-30 12:19:51'),
(84,	'image',	'gita-citta-della-pietra-2017-H5qW.jpg',	'Gita città della pietra 2014',	4,	'App\\Gallery',	'2017-04-30 12:19:42',	'2017-04-30 12:19:52'),
(85,	'image',	'gita-citta-della-pietra-2017-SrEz.jpg',	'Gita città della pietra 2014',	4,	'App\\Gallery',	'2017-04-30 12:19:42',	'2017-04-30 12:19:53'),
(86,	'image',	'ciaspolata-2017-Llfz.jpg',	'Ciaspolata 2014',	5,	'App\\Gallery',	'2017-04-30 12:21:31',	'2017-04-30 12:21:42'),
(87,	'image',	'ciaspolata-2017-LwkO.jpg',	'Ciaspolata 2014',	5,	'App\\Gallery',	'2017-04-30 12:21:31',	'2017-04-30 12:21:42'),
(88,	'image',	'ciaspolata-2017-LODe.jpg',	'Ciaspolata 2014',	5,	'App\\Gallery',	'2017-04-30 12:21:31',	'2017-04-30 12:21:41'),
(89,	'image',	'ciaspolata-2017-slXW.jpg',	'Ciaspolata 2014',	5,	'App\\Gallery',	'2017-04-30 12:21:31',	'2017-04-30 12:21:41'),
(90,	'image',	'gita-al-lisse-e-al-covolo-2017-0B1p.jpg',	'Gita al Lisse e al Covolo 2017',	6,	'App\\Gallery',	'2017-04-30 12:23:24',	'2017-04-30 12:23:24'),
(91,	'image',	'gita-al-lisse-e-al-covolo-2017-ONOU.jpg',	'Gita al Lisse e al Covolo 2017',	6,	'App\\Gallery',	'2017-04-30 12:23:24',	'2017-04-30 12:23:24'),
(92,	'image',	'gita-al-lisse-e-al-covolo-2017-DQDh.jpg',	'Gita al Lisse e al Covolo 2017',	6,	'App\\Gallery',	'2017-04-30 12:23:24',	'2017-04-30 12:23:24'),
(93,	'image',	'gita-al-lisse-e-al-covolo-2017-EmCu.jpg',	'Gita al Lisse e al Covolo 2017',	6,	'App\\Gallery',	'2017-04-30 12:23:24',	'2017-04-30 12:23:24'),
(94,	'image',	'gita-al-lisse-e-al-covolo-2017-DWrX.jpg',	'Gita al Lisse e al Covolo 2017',	6,	'App\\Gallery',	'2017-04-30 12:23:24',	'2017-04-30 12:23:24'),
(95,	'image',	'contra-ca-cornaro-palio-di-romano-2017-GDpz.jpg',	'Contra Ca\' Cornaro Palio di Romano Artisti 2015',	1,	'App\\Article',	'2017-04-30 18:45:48',	'2017-04-30 18:45:59'),
(96,	'image',	'contra-ca-cornaro-palio-di-romano-2017-7YHr.jpg',	'Contra Ca\' Cornaro Palio di Romano Artisti 2015',	1,	'App\\Article',	'2017-04-30 18:45:48',	'2017-04-30 18:45:58'),
(97,	'image',	'contra-ca-cornaro-palio-di-romano-2017-UVw1.jpg',	'Contra Ca\' Cornaro Palio di Romano Artisti 2015',	1,	'App\\Article',	'2017-04-30 18:45:48',	'2017-04-30 18:45:58'),
(98,	'image',	'welschtiroler-historische-vereinigung-2017-osXr.jpg',	'Welschtiroler Historische Vereinigung Cultura 2015',	2,	'App\\Article',	'2017-04-30 18:46:43',	'2017-04-30 18:46:48'),
(99,	'image',	'fattoria-sociale-conca-d-oro-laboratorio-con-pasta-madre-2017-U0P9.jpg',	'Fattoria Sociale Conca D\'Oro - Laboratorio con pasta madre Scala dei Sapori 2015',	3,	'App\\Article',	'2017-04-30 18:47:54',	'2017-04-30 18:48:04'),
(100,	'image',	'fattoria-sociale-conca-d-oro-laboratorio-con-pasta-madre-2017-CnBF.jpg',	'Fattoria Sociale Conca D\'Oro - Laboratorio con pasta madre Scala dei Sapori 2015',	3,	'App\\Article',	'2017-04-30 18:47:54',	'2017-04-30 18:48:04'),
(101,	'image',	'fattoria-sociale-conca-d-oro-laboratorio-con-pasta-madre-2017-3dUu.jpg',	'Fattoria Sociale Conca D\'Oro - Laboratorio con pasta madre Scala dei Sapori 2015',	3,	'App\\Article',	'2017-04-30 18:47:55',	'2017-04-30 18:48:04'),
(102,	'image',	'svf-e-rimessa-locomotive-2017-SATf.jpg',	'SVF e Rimessa Locomotive Scala dei Sapori 2015 2017',	4,	'App\\Article',	'2017-04-30 18:49:04',	'2017-04-30 18:49:04'),
(103,	'image',	'svf-e-rimessa-locomotive-2017-6PoC.jpg',	'SVF e Rimessa Locomotive Scala dei Sapori 2015',	4,	'App\\Article',	'2017-04-30 18:49:05',	'2017-04-30 18:49:10'),
(104,	'image',	'svf-e-rimessa-locomotive-2017-624U.jpg',	'SVF e Rimessa Locomotive Scala dei Sapori 2015',	4,	'App\\Article',	'2017-04-30 18:49:05',	'2017-04-30 18:49:08'),
(105,	'image',	'artigiani-della-grappa-2017-xSGg.jpg',	'Artigiani della Grappa Scala dei Sapori 2016',	5,	'App\\Article',	'2017-04-30 18:50:50',	'2017-04-30 18:51:03'),
(106,	'image',	'artigiani-della-grappa-2017-p4m9.jpg',	'Artigiani della Grappa Scala dei Sapori 2016',	5,	'App\\Article',	'2017-04-30 18:50:50',	'2017-04-30 18:51:02'),
(107,	'image',	'artigiani-della-grappa-2017-35px.jpg',	'Artigiani della Grappa Scala dei Sapori 2016',	5,	'App\\Article',	'2017-04-30 18:50:51',	'2017-04-30 18:51:02'),
(108,	'image',	'azienda-agricola-andrea-zanin-2017-6xbp.jpg',	'Azienda Agricola Andrea Zanin Scala dei Sapori 2016',	6,	'App\\Article',	'2017-04-30 18:52:17',	'2017-04-30 18:52:25'),
(109,	'image',	'azienda-agricola-andrea-zanin-2017-cjxw.jpg',	'Azienda Agricola Andrea Zanin Scala dei Sapori 2016',	6,	'App\\Article',	'2017-04-30 18:52:17',	'2017-04-30 18:52:24'),
(110,	'image',	'azienda-agricola-andrea-zanin-2017-opmM.jpg',	'Azienda Agricola Andrea Zanin Scala dei Sapori 2016',	6,	'App\\Article',	'2017-04-30 18:52:18',	'2017-04-30 18:52:24'),
(111,	'image',	'svf-societa-veneta-ferrovie-2016-2017-tihw.jpg',	'SVF-Società Veneta Ferrovie 2016 Scala dei Sapori 2016',	7,	'App\\Article',	'2017-04-30 18:53:25',	'2017-04-30 18:53:32'),
(112,	'image',	'svf-societa-veneta-ferrovie-2016-2017-j6ig.jpg',	'SVF-Società Veneta Ferrovie 2016 Scala dei Sapori 2016',	7,	'App\\Article',	'2017-04-30 18:53:25',	'2017-04-30 18:53:31'),
(113,	'image',	'svf-societa-veneta-ferrovie-2016-2017-oQ4P.jpg',	'SVF-Società Veneta Ferrovie 2016 Scala dei Sapori 2016',	7,	'App\\Article',	'2017-04-30 18:53:25',	'2017-04-30 18:53:31'),
(114,	'image',	'un-ospedale-da-campo-della-guerra-15-18-2017-Dxmd.jpg',	'Un ospedale da campo della guerra 15-18 Scala dei Sapori 2016',	8,	'App\\Article',	'2017-04-30 18:54:20',	'2017-04-30 18:54:27'),
(115,	'image',	'un-ospedale-da-campo-della-guerra-15-18-2017-vWsD.jpg',	'Un ospedale da campo della guerra 15-18 Scala dei Sapori 2016',	8,	'App\\Article',	'2017-04-30 18:54:20',	'2017-04-30 18:54:26'),
(116,	'image',	'un-ospedale-da-campo-della-guerra-15-18-2017-hpf4.jpg',	'Un ospedale da campo della guerra 15-18 Scala dei Sapori 2016',	8,	'App\\Article',	'2017-04-30 18:54:20',	'2017-04-30 18:54:26'),
(117,	'image',	'bottega-della-tessitura-i-passi-di-penelope-2017-FMeN.jpg',	'Bottega della Tessitura  “I Passi di Penelope” Scala dei Sapori 2016',	9,	'App\\Article',	'2017-04-30 18:55:09',	'2017-04-30 18:55:16'),
(118,	'image',	'bottega-della-tessitura-i-passi-di-penelope-2017-i06j.jpg',	'Bottega della Tessitura  “I Passi di Penelope” Scala dei Sapori 2016',	9,	'App\\Article',	'2017-04-30 18:55:09',	'2017-04-30 18:55:16'),
(119,	'image',	'bottega-della-tessitura-i-passi-di-penelope-2017-CTiG.jpg',	'Bottega della Tessitura  “I Passi di Penelope” Scala dei Sapori 2016',	9,	'App\\Article',	'2017-04-30 18:55:10',	'2017-04-30 18:55:15'),
(120,	'image',	'l-organetto-di-josef-2017-foia.jpg',	'L\'organetto di Josef Scala dei Sapori 2016',	10,	'App\\Article',	'2017-04-30 18:55:52',	'2017-04-30 18:55:56'),
(121,	'image',	'onda-selvaggia-2017-fl3r.jpg',	'Onda Selvaggia Scala dei Sapori 2016',	11,	'App\\Article',	'2017-04-30 18:57:25',	'2017-04-30 18:57:29'),
(122,	'image',	'lo-scrigno-di-lamon-2017-g6ye.jpg',	'Lo Scrigno di Lamon Scala dei Sapori 2016',	12,	'App\\Article',	'2017-04-30 18:58:09',	'2017-04-30 18:58:15'),
(123,	'image',	'lo-scrigno-di-lamon-2017-UL5g.jpg',	'Lo Scrigno di Lamon Scala dei Sapori 2016',	12,	'App\\Article',	'2017-04-30 18:58:09',	'2017-04-30 18:58:15'),
(124,	'image',	'lo-scrigno-di-lamon-2017-f8Wn.jpg',	'Lo Scrigno di Lamon Scala dei Sapori 2016',	12,	'App\\Article',	'2017-04-30 18:58:09',	'2017-04-30 18:58:14'),
(125,	'image',	'formaggi-ass-tagliata-della-scala-2017-vDu5.jpg',	'Formaggi Ass. Tagliata Della Scala Scala dei Sapori 2016',	13,	'App\\Article',	'2017-04-30 18:58:53',	'2017-04-30 18:58:56'),
(126,	'image',	'laura-brandoli-2017-DJ6g.jpg',	'Laura Brandoli Scala dei Sapori 2016',	14,	'App\\Article',	'2017-04-30 18:59:34',	'2017-04-30 18:59:40'),
(127,	'image',	'laura-brandoli-2017-O3h5.jpg',	'Laura Brandoli Scala dei Sapori 2016',	14,	'App\\Article',	'2017-04-30 18:59:34',	'2017-04-30 18:59:40'),
(128,	'image',	'laura-brandoli-2017-DK0B.jpg',	'Laura Brandoli Scala dei Sapori 2016',	14,	'App\\Article',	'2017-04-30 18:59:34',	'2017-04-30 18:59:40'),
(129,	'image',	'mousse-di-trota-e-zucchine-trattoria-da-doro-2017-vtLm.jpg',	'Mousse di Trota e Zucchine - Trattoria Da Doro Scala dei Sapori 2016',	15,	'App\\Article',	'2017-04-30 19:00:20',	'2017-04-30 19:00:23'),
(130,	'image',	'mousse-di-trota-e-zucchine-trattoria-da-doro-2017-wXFe.jpg',	'Mousse di Trota e Zucchine - Trattoria Da Doro Scala dei Sapori 2016',	15,	'App\\Article',	'2017-04-30 19:00:20',	'2017-04-30 19:00:25'),
(131,	'image',	'mousse-di-trota-e-zucchine-trattoria-da-doro-2017-mSHB.jpg',	'Mousse di Trota e Zucchine - Trattoria Da Doro Scala dei Sapori 2016',	15,	'App\\Article',	'2017-04-30 19:00:21',	'2017-04-30 19:00:27'),
(132,	'image',	'antipasti-funghi-valbrenta-2017-JZe6.jpg',	'Antipasti Funghi Valbrenta Scala dei Sapori 2016',	16,	'App\\Article',	'2017-04-30 19:01:12',	'2017-04-30 19:01:15'),
(133,	'image',	'associazione-tutela-fea-de-lamon-2017-MBFr.jpg',	'Associazione tutela Fea de Lamon Scala dei Sapori 2016',	17,	'App\\Article',	'2017-04-30 19:02:36',	'2017-04-30 19:02:39'),
(134,	'image',	'straccetti-di-trota-albergo-parigi-2017-QvKl.jpg',	'Straccetti di trota - Albergo Parigi Scala dei Sapori 2016',	18,	'App\\Article',	'2017-04-30 19:03:18',	'2017-04-30 19:03:22'),
(135,	'image',	'pastificio-croera-pasta-fresca-2017-gGe5.jpg',	'Pastificio Croera - Pasta Fresca Scala dei Sapori 2016',	19,	'App\\Article',	'2017-04-30 19:03:57',	'2017-04-30 19:04:00'),
(136,	'image',	'ristorante-valsugana-da-adriana-2017-OCu1.jpg',	'Ristorante Valsugana da Adriana Scala dei Sapori 2016',	20,	'App\\Article',	'2017-04-30 19:05:14',	'2017-04-30 19:05:17'),
(137,	'image',	'alpha-photoghraphers-2017-vigV.jpg',	'Alpha Photoghraphers Scala dei Sapori 2016',	21,	'App\\Article',	'2017-04-30 19:05:54',	'2017-04-30 19:05:57'),
(138,	'image',	'ristorantino-la-gioi-2017-ER9E.jpg',	'Ristorantino La Gioi Scala dei Sapori 2016',	22,	'App\\Article',	'2017-04-30 19:06:52',	'2017-04-30 19:06:59'),
(139,	'image',	'ristorantino-la-gioi-2017-gUVO.jpg',	'Ristorantino La Gioi Scala dei Sapori 2016',	22,	'App\\Article',	'2017-04-30 19:06:52',	'2017-04-30 19:06:58'),
(140,	'image',	'ristorantino-la-gioi-2017-aLXe.jpg',	'Ristorantino La Gioi Scala dei Sapori 2016',	22,	'App\\Article',	'2017-04-30 19:06:52',	'2017-04-30 19:06:58'),
(141,	'image',	'assalto-a-fuoco-fra-italiani-e-austriaci-2017-ZLnY.jpg',	'Assalto a Fuoco fra Italiani e Austriaci Scala dei Sapori 2016',	23,	'App\\Article',	'2017-04-30 19:07:38',	'2017-04-30 19:07:41'),
(142,	'image',	'il-cibo-visto-dai-bambini-2017-kObx.jpg',	'Il cibo visto dai bambini Scala dei Sapori 2016',	24,	'App\\Article',	'2017-04-30 19:08:29',	'2017-04-30 19:08:32'),
(143,	'image',	'distilleria-torquadra-2017-7bFc.jpg',	'Distilleria Torquadra Scala dei Sapori 2016',	25,	'App\\Article',	'2017-04-30 19:09:03',	'2017-04-30 19:09:08'),
(146,	'image',	'esapolis-e-il-baco-da-seta-2017-4FxQ.jpg',	'Esapolis e il baco da seta Scala dei Sapori 2016',	27,	'App\\Article',	'2017-04-30 19:15:29',	'2017-04-30 19:15:33'),
(147,	'image',	'esapolis-e-il-baco-da-seta-2017-RMTr.jpg',	'Esapolis e il baco da seta Scala dei Sapori 2016',	27,	'App\\Article',	'2017-04-30 19:15:29',	'2017-04-30 19:15:36'),
(148,	'image',	'i-libri-della-scala-2017-nX7S.jpg',	'I libri della Scala Scala dei Sapori 2016',	28,	'App\\Article',	'2017-04-30 19:16:23',	'2017-04-30 19:16:32'),
(149,	'image',	'i-libri-della-scala-2017-rIWR.jpg',	'I libri della Scala Scala dei Sapori 2016',	28,	'App\\Article',	'2017-04-30 19:16:23',	'2017-04-30 19:16:31'),
(150,	'image',	'i-libri-della-scala-2017-75au.jpg',	'I libri della Scala Scala dei Sapori 2016',	28,	'App\\Article',	'2017-04-30 19:16:24',	'2017-04-30 19:16:31'),
(151,	'image',	'contra-ca-cornaro-del-palio-di-romano-d-ezzelino-2017-g3bh.jpg',	'Contrà Cà Cornaro del Palio di Romano d\'Ezzelino Scala dei Sapori 2016',	29,	'App\\Article',	'2017-04-30 19:17:12',	'2017-04-30 19:17:18'),
(152,	'image',	'contra-ca-cornaro-del-palio-di-romano-d-ezzelino-2017-XylY.jpg',	'Contrà Cà Cornaro del Palio di Romano d\'Ezzelino Scala dei Sapori 2016',	29,	'App\\Article',	'2017-04-30 19:17:13',	'2017-04-30 19:17:18'),
(153,	'image',	'contra-ca-cornaro-del-palio-di-romano-d-ezzelino-2017-Dn3m.jpg',	'Contrà Cà Cornaro del Palio di Romano d\'Ezzelino Scala dei Sapori 2016',	29,	'App\\Article',	'2017-04-30 19:17:13',	'2017-04-30 19:17:17'),
(154,	'image',	'visite-guidate-alla-fortificazione-2017-ZaI5.jpeg',	'Visite guidate alla fortificazione Scala dei Sapori 2016',	30,	'App\\Article',	'2017-04-30 19:18:03',	'2017-04-30 19:18:06'),
(155,	'image',	'concerto-musica-classica-2017-4oEk.jpg',	'Silenzio! - spettacolo teatrale Cultura 2017',	2,	'App\\Event',	'2017-05-07 15:53:39',	'2017-05-07 15:53:39'),
(156,	'image',	'concerto-musica-classica-2017-JLGC.jpg',	'Silenzio! - spettacolo teatrale Cultura 2017',	2,	'App\\Event',	'2017-05-07 15:53:44',	'2017-05-07 15:53:44'),
(157,	'image',	'concerto-musica-classica-2017-iyAm.jpg',	'Silenzio! - spettacolo teatrale Cultura 2017',	2,	'App\\Event',	'2017-05-07 15:53:48',	'2017-05-07 15:53:48'),
(158,	'image',	'cerimonia-di-apertura-2017-GKkl.jpg',	'Cerimonia di apertura Fortificazioni 2017',	3,	'App\\Event',	'2017-06-22 15:43:11',	'2017-06-22 15:43:11'),
(176,	'image',	'scala-dei-sapori-2017-2017-AhZv.jpg',	'Scala dei Sapori 2017',	4,	'App\\Event',	'2017-07-04 08:59:06',	'2017-07-04 08:59:13'),
(193,	'image',	'radio-monamur-gli-instabili-2017-bhdN.jpg',	'Radio Monamur - Gli Instabili Artisti 2017',	5,	'App\\Event',	'2017-07-06 06:10:32',	'2017-07-06 06:10:32'),
(194,	'doc',	'19-07--09-38-91-scala-dei-sapori-2017.pdf',	'Daniel Corso biglietti evento: Scala dei Sapori 2017',	1,	'App\\Ticket',	'2017-07-19 23:44:41',	'2017-07-30 23:44:41'),
(195,	'image',	'il-piccolo-principe-e-la-clinica-mobile-dei-pupazzi-2017-UKcF.jpg',	'Il Piccolo Principe e la Clinica Mobile dei Pupazzi Scala dei Sapori 2017 2017',	32,	'App\\Article',	'2017-07-30 14:32:32',	'2017-07-30 14:32:32'),
(196,	'doc',	'il-piccolo-principe-e-la-clinica-mobile-dei-pupazzi-2017-T1hm.pdf',	'locandina la clinica mobile',	32,	'App\\Article',	'2017-07-30 14:41:36',	'2017-07-30 14:42:43'),
(197,	'doc',	'il-piccolo-principe-e-la-clinica-mobile-dei-pupazzi-2017-nShn.pdf',	'presentazione associazione',	32,	'App\\Article',	'2017-07-30 14:41:42',	'2017-07-30 14:42:46'),
(198,	'image',	'associazione-italiana-persone-down-aipd-2017-k3z7.jpg',	'ASSOCIAZIONE ITALIANA PERSONE DOWN (AIPD) Scala dei Sapori 2017 2017',	33,	'App\\Article',	'2017-07-30 14:49:07',	'2017-07-30 14:49:07'),
(199,	'doc',	'associazione-italiana-persone-down-aipd-2017-TEKh.pdf',	'presentazione associazione',	33,	'App\\Article',	'2017-07-30 14:49:11',	'2017-07-30 14:49:26'),
(200,	'image',	'semprefesta-animazione-2017-XZRZ.jpg',	'Semprefesta animazione Scala dei Sapori 2017',	34,	'App\\Article',	'2017-07-30 15:21:14',	'2017-07-30 15:21:20'),
(201,	'doc',	'30-08--07-23-102-scala-dei-sapori-2017.pdf',	'claudio mario Scavazza biglietti evento: Scala dei Sapori 2017',	2,	'App\\Ticket',	'2017-08-30 23:44:41',	'2017-08-30 23:44:41'),
(202,	'doc',	'01-09--09-41-33-scala-dei-sapori-2017.pdf',	'daniele luccini biglietti evento: Scala dei Sapori 2017',	3,	'App\\Ticket',	NULL,	NULL),
(203,	'doc',	'01-09--05-34-14-scala-dei-sapori-2017.pdf',	'Danilo Stramaglia biglietti evento: Scala dei Sapori 2017',	4,	'App\\Ticket',	NULL,	NULL),
(204,	'doc',	'01-09--10-21-95-scala-dei-sapori-2017.pdf',	'sara bonato biglietti evento: Scala dei Sapori 2017',	5,	'App\\Ticket',	NULL,	NULL),
(205,	'doc',	'02-09--04-31-36-scala-dei-sapori-2017.pdf',	'nicoletta candiotto biglietti evento: Scala dei Sapori 2017',	6,	'App\\Ticket',	NULL,	NULL),
(206,	'doc',	'02-09--08-55-27-scala-dei-sapori-2017.pdf',	'tommaso zanocco biglietti evento: Scala dei Sapori 2017',	7,	'App\\Ticket',	NULL,	NULL),
(207,	'doc',	'05-09--09-42-48-scala-dei-sapori-2017.pdf',	'Gian Uberto Lauri biglietti evento: Scala dei Sapori 2017',	8,	'App\\Ticket',	NULL,	NULL),
(208,	'doc',	'05-09--01-56-59-scala-dei-sapori-2017.pdf',	'VALENTINA MINATI biglietti evento: Scala dei Sapori 2017',	9,	'App\\Ticket',	NULL,	NULL),
(209,	'doc',	'05-09--02-15-410-scala-dei-sapori-2017.pdf',	'Patrizia Sacchet biglietti evento: Scala dei Sapori 2017',	10,	'App\\Ticket',	NULL,	NULL),
(210,	'doc',	'06-09--10-50-1011-scala-dei-sapori-2017.pdf',	'emiliano ferlin biglietti evento: Scala dei Sapori 2017',	11,	'App\\Ticket',	NULL,	NULL),
(211,	'doc',	'06-09--11-06-312-scala-dei-sapori-2017.pdf',	'Lara Vanzo biglietti evento: Scala dei Sapori 2017',	12,	'App\\Ticket',	NULL,	NULL),
(212,	'doc',	'06-09--12-22-913-scala-dei-sapori-2017.pdf',	'Walesa Porcellato biglietti evento: Scala dei Sapori 2017',	13,	'App\\Ticket',	NULL,	NULL),
(213,	'doc',	'06-09--01-33-914-scala-dei-sapori-2017.pdf',	'roberto minute biglietti evento: Scala dei Sapori 2017',	14,	'App\\Ticket',	NULL,	NULL),
(214,	'image',	'castagnata-ognisanti-2017-uH5r.jpg',	'Castagnata Ognisanti Feste di Paese Primolano',	6,	'App\\Event',	'2017-10-30 11:15:15',	'2017-10-30 11:15:34'),
(215,	'image',	'foto-instabili-radio-monamur-2018-ii4o.jpg',	'Foto instabili - Radio Monamur 2018',	7,	'App\\Gallery',	'2018-01-09 23:52:33',	'2018-01-09 23:52:33'),
(216,	'image',	'foto-instabili-radio-monamur-2018-cAWe.jpg',	'Foto instabili - Radio Monamur 2018',	7,	'App\\Gallery',	'2018-01-09 23:52:38',	'2018-01-09 23:52:38'),
(217,	'image',	'foto-instabili-radio-monamur-2018-STxv.jpg',	'Foto instabili - Radio Monamur 2018',	7,	'App\\Gallery',	'2018-01-09 23:52:41',	'2018-01-09 23:52:41'),
(218,	'image',	'foto-instabili-radio-monamur-2018-Aq4Z.jpg',	'Foto instabili - Radio Monamur 2018',	7,	'App\\Gallery',	'2018-01-09 23:52:50',	'2018-01-09 23:52:50'),
(219,	'image',	'foto-instabili-radio-monamur-2018-PmpS.jpg',	'Foto instabili - Radio Monamur 2018',	7,	'App\\Gallery',	'2018-01-09 23:52:56',	'2018-01-09 23:52:56'),
(220,	'image',	'foto-instabili-radio-monamur-2018-90Uo.jpg',	'Foto instabili - Radio Monamur 2018',	7,	'App\\Gallery',	'2018-01-09 23:53:01',	'2018-01-09 23:53:01'),
(221,	'image',	'foto-instabili-radio-monamur-2018-F4Ez.jpg',	'Foto instabili - Radio Monamur 2018',	7,	'App\\Gallery',	'2018-01-09 23:53:12',	'2018-01-09 23:53:12'),
(222,	'image',	'foto-instabili-radio-monamur-2018-tMqI.jpg',	'Foto instabili - Radio Monamur 2018',	7,	'App\\Gallery',	'2018-01-09 23:53:13',	'2018-01-09 23:53:13'),
(223,	'image',	'foto-instabili-radio-monamur-2018-l9Qo.jpg',	'Foto instabili - Radio Monamur 2018',	7,	'App\\Gallery',	'2018-01-09 23:53:22',	'2018-01-09 23:53:22'),
(224,	'image',	'foto-instabili-radio-monamur-2018-UJTH.jpg',	'Foto instabili - Radio Monamur 2018',	7,	'App\\Gallery',	'2018-01-09 23:53:25',	'2018-01-09 23:53:25'),
(225,	'image',	'foto-instabili-radio-monamur-2018-T7M6.jpg',	'Foto instabili - Radio Monamur 2018',	7,	'App\\Gallery',	'2018-01-09 23:53:35',	'2018-01-09 23:53:35'),
(226,	'image',	'foto-instabili-radio-monamur-2018-cgfC.jpg',	'Foto instabili - Radio Monamur 2018',	7,	'App\\Gallery',	'2018-01-09 23:53:37',	'2018-01-09 23:53:37'),
(227,	'image',	'foto-instabili-radio-monamur-2018-xCMC.jpg',	'Foto instabili - Radio Monamur 2018',	7,	'App\\Gallery',	'2018-01-09 23:53:46',	'2018-01-09 23:53:46'),
(228,	'image',	'foto-instabili-radio-monamur-2018-0xqz.jpg',	'Foto instabili - Radio Monamur 2018',	7,	'App\\Gallery',	'2018-01-09 23:53:52',	'2018-01-09 23:53:52'),
(229,	'image',	'foto-instabili-radio-monamur-2018-Gl9a.jpg',	'Foto instabili - Radio Monamur 2018',	7,	'App\\Gallery',	'2018-01-09 23:53:58',	'2018-01-09 23:53:58'),
(230,	'image',	'foto-instabili-radio-monamur-2018-3KPC.jpg',	'Foto instabili - Radio Monamur 2018',	7,	'App\\Gallery',	'2018-01-09 23:54:04',	'2018-01-09 23:54:04'),
(231,	'image',	'foto-instabili-radio-monamur-2018-mexC.jpg',	'Foto instabili - Radio Monamur 2018',	7,	'App\\Gallery',	'2018-01-09 23:54:09',	'2018-01-09 23:54:09'),
(232,	'image',	'foto-instabili-radio-monamur-2018-D2qQ.jpg',	'Foto instabili - Radio Monamur 2018',	7,	'App\\Gallery',	'2018-01-09 23:54:16',	'2018-01-09 23:54:16'),
(233,	'image',	'foto-instabili-radio-monamur-2018-h9ww.jpg',	'Foto instabili - Radio Monamur 2018',	7,	'App\\Gallery',	'2018-01-09 23:54:22',	'2018-01-09 23:54:22'),
(234,	'image',	'foto-instabili-radio-monamur-2018-3l5M.jpg',	'Foto instabili - Radio Monamur 2018',	7,	'App\\Gallery',	'2018-01-09 23:54:29',	'2018-01-09 23:54:29'),
(235,	'image',	'foto-instabili-radio-monamur-2018-wLVC.jpg',	'Foto instabili - Radio Monamur 2018',	7,	'App\\Gallery',	'2018-01-09 23:54:35',	'2018-01-09 23:54:35'),
(236,	'image',	'foto-instabili-radio-monamur-2018-JLmk.jpg',	'Foto instabili - Radio Monamur 2018',	7,	'App\\Gallery',	'2018-01-09 23:54:40',	'2018-01-09 23:54:40'),
(237,	'image',	'foto-instabili-radio-monamur-2018-M7jT.jpg',	'Foto instabili - Radio Monamur 2018',	7,	'App\\Gallery',	'2018-01-09 23:54:48',	'2018-01-09 23:54:48'),
(238,	'image',	'foto-instabili-radio-monamur-2018-FlHV.jpg',	'Foto instabili - Radio Monamur 2018',	7,	'App\\Gallery',	'2018-01-09 23:54:54',	'2018-01-09 23:54:54'),
(239,	'image',	'foto-instabili-radio-monamur-2018-UHB3.jpg',	'Foto instabili - Radio Monamur 2018',	7,	'App\\Gallery',	'2018-01-09 23:54:59',	'2018-01-09 23:54:59'),
(240,	'image',	'valsugana-rock-2018-2qGo.jpg',	'Valsugana Rock 2018',	8,	'App\\Gallery',	'2018-01-10 00:21:06',	'2018-01-10 00:21:06'),
(241,	'image',	'valsugana-rock-2018-53lg.jpg',	'Valsugana Rock 2018',	8,	'App\\Gallery',	'2018-01-10 00:21:07',	'2018-01-10 00:21:07'),
(242,	'image',	'valsugana-rock-2018-w7Th.jpg',	'Valsugana Rock 2018',	8,	'App\\Gallery',	'2018-01-10 00:21:10',	'2018-01-10 00:21:10'),
(243,	'image',	'valsugana-rock-2018-KV12.jpg',	'Valsugana Rock 2018',	8,	'App\\Gallery',	'2018-01-10 00:21:22',	'2018-01-10 00:21:22'),
(244,	'image',	'la-scala-dei-motori-2018-kZTe.jpg',	'La Scala dei Motori Cultura 2018',	7,	'App\\Event',	'2018-05-06 14:46:42',	'2018-05-06 14:46:42'),
(245,	'image',	'la-scala-dei-motori-2018-qiSp.jpg',	'La Scala dei Motori Cultura 2018',	7,	'App\\Event',	'2018-05-06 14:18:46',	'2018-05-06 14:18:46'),
(246,	'doc',	'la-scala-dei-motori-2018-0hJe.pdf',	'Volantino manifestazione PDF',	7,	'App\\Event',	'2018-05-06 14:23:07',	'2018-05-06 14:23:07'),
(247,	'image',	'valsugana-rock-2018-2018-NIAV.jpg',	'Valsugana Rock 2018 Musica e Concerti 2018',	8,	'App\\Event',	'2018-07-05 18:19:25',	'2018-07-05 18:19:25'),
(248,	'image',	'scala-dei-sapori-2018-2018-XRmt.jpg',	'Scala dei Sapori 2018 - Ottava edizione',	9,	'App\\Event',	'2018-08-10 14:23:26',	'2018-08-10 14:23:38'),
(250,	'doc',	'10-08--04-14-9-id15-scala-dei-sapori-2018.pdf',	'Giacomo Gasperini biglietti evento: Scala dei Sapori 2018',	15,	'App\\Ticket',	NULL,	NULL),
(251,	'doc',	'12-08--04-50-616-scala-dei-sapori-2018.pdf',	'Giacomo Gasperini biglietti evento: Scala dei Sapori 2018',	16,	'App\\Ticket',	NULL,	NULL),
(252,	'doc',	'14-08--10-41-817-scala-dei-sapori-2018.pdf',	'Marco Ferazzoli biglietti evento: Scala dei Sapori 2018',	17,	'App\\Ticket',	NULL,	NULL),
(253,	'image',	'clinica-mobile-dei-pupazzi-2018-lKrL.jpg',	'Clinica Mobile dei Pupazzi Scala dei Sapori 2018',	35,	'App\\Article',	'2018-08-17 13:31:40',	'2018-08-17 13:31:50'),
(254,	'image',	'mago-dado-2018-sRjc.jpg',	'Mago Dado Scala dei Sapori 2018',	36,	'App\\Article',	'2018-08-17 13:53:26',	'2018-08-17 13:53:40'),
(255,	'image',	'mago-dado-2018-WqXS.jpg',	'Mago Dado Scala dei Sapori 2018',	36,	'App\\Article',	'2018-08-17 13:53:26',	'2018-08-17 13:53:33'),
(256,	'image',	'bassano-swing-out-2018-SXax.jpg',	'Bassano Swing Out Scala dei Sapori 2018',	37,	'App\\Article',	'2018-08-17 13:59:56',	'2018-08-17 14:00:04'),
(257,	'image',	'bassano-swing-out-2018-pw15.jpg',	'Bassano Swing Out Scala dei Sapori 2018',	37,	'App\\Article',	'2018-08-17 13:59:58',	'2018-08-17 14:00:07'),
(258,	'image',	'bassano-swing-out-2018-WVNs.jpg',	'Bassano Swing Out Scala dei Sapori 2018',	37,	'App\\Article',	'2018-08-17 13:59:59',	'2018-08-17 14:00:08'),
(259,	'image',	'bassano-swing-out-2018-bW1T.jpg',	'Bassano Swing Out Scala dei Sapori 2018',	37,	'App\\Article',	'2018-08-17 14:00:00',	'2018-08-17 14:00:11'),
(260,	'image',	'zen-daniela-e-andreoni-annina-2018-xQNf.jpg',	'Zen Daniela e Andreoni Annina Scala dei Sapori 2018 2018',	38,	'App\\Article',	'2018-08-21 23:45:56',	'2018-08-21 23:45:56'),
(261,	'image',	'zen-daniela-e-andreoni-annina-2018-Khx8.jpg',	'Zen Daniela e Andreoni Annina Scala dei Sapori 2018 2018',	38,	'App\\Article',	'2018-08-21 23:45:57',	'2018-08-21 23:45:57'),
(262,	'image',	'zen-daniela-e-andreoni-annina-2018-bzu2.jpg',	'Zen Daniela e Andreoni Annina Scala dei Sapori 2018 2018',	38,	'App\\Article',	'2018-08-21 23:46:01',	'2018-08-21 23:46:01'),
(263,	'image',	'zen-daniela-e-andreoni-annina-2018-1Pzt.jpg',	'Zen Daniela e Andreoni Annina Scala dei Sapori 2018 2018',	38,	'App\\Article',	'2018-08-21 23:46:02',	'2018-08-21 23:46:02'),
(264,	'image',	'zen-daniela-e-andreoni-annina-2018-RQHq.jpg',	'Zen Daniela e Andreoni Annina Scala dei Sapori 2018 2018',	38,	'App\\Article',	'2018-08-21 23:46:04',	'2018-08-21 23:46:04'),
(265,	'doc',	'21-08--09-52-918-scala-dei-sapori-2018.pdf',	'Fabio Illesi biglietti evento: Scala dei Sapori 2018',	18,	'App\\Ticket',	NULL,	NULL),
(266,	'image',	'gruppo-teatrale-tarantas-2018-vcnX.jpg',	'Gruppo Teatrale Tarantâs Artisti 2018',	39,	'App\\Article',	'2018-08-23 13:44:35',	'2018-08-23 13:44:35'),
(267,	'image',	'gruppo-teatrale-tarantas-2018-gXHZ.jpg',	'Gruppo Teatrale Tarantâs Artisti 2018',	39,	'App\\Article',	'2018-08-23 13:44:38',	'2018-08-23 13:44:38'),
(268,	'image',	'gruppo-teatrale-tarantas-2018-mkZL.jpg',	'Gruppo Teatrale Tarantâs Artisti 2018',	39,	'App\\Article',	'2018-08-23 13:44:43',	'2018-08-23 13:44:43'),
(269,	'image',	'gruppo-teatrale-tarantas-2018-SzYq.jpg',	'Gruppo Teatrale Tarantâs Artisti 2018',	39,	'App\\Article',	'2018-08-23 13:44:44',	'2018-08-23 13:44:44'),
(270,	'image',	'gruppo-teatrale-tarantas-2018-aMIu.jpg',	'Gruppo Teatrale Tarantâs Artisti 2018',	39,	'App\\Article',	'2018-08-23 13:44:49',	'2018-08-23 13:44:49'),
(271,	'doc',	'gruppo-teatrale-tarantas-2018-4DDN.pdf',	'Biografia breve Tarantas.pdf',	39,	'App\\Article',	'2018-08-23 13:44:57',	'2018-08-23 13:44:57'),
(272,	'image',	'antica-osteria-da-doro-2018-JPbG.jpg',	'Antica Osteria da Doro Scala dei Sapori - tortino ai cereali',	40,	'App\\Article',	'2018-08-23 13:56:54',	'2018-08-23 13:57:16'),
(273,	'image',	'antica-osteria-da-doro-2018-Vtpr.jpg',	'Antica Osteria da Doro Scala dei Sapori 2018',	40,	'App\\Article',	'2018-08-23 13:56:59',	'2018-08-23 13:57:22'),
(274,	'image',	'la-fea-del-lamon-2018-A3uv.jpg',	'La Fea del Lamon 2018 Primolano',	41,	'App\\Article',	'2018-08-23 14:00:38',	'2018-08-23 14:00:53'),
(275,	'image',	'restauratrice-artemisia-2018-y9j5.jpg',	'Restauratrice Artemisia Artisti 2018',	42,	'App\\Article',	'2018-08-23 14:06:18',	'2018-08-23 14:06:18'),
(276,	'image',	'visite-all-antica-rimessa-delle-locomotive-2018-lwPq.jpg',	'Visite all\'antica rimessa delle locomotive Cultura 2018',	43,	'App\\Article',	'2018-08-23 14:10:43',	'2018-08-23 14:10:43'),
(277,	'image',	'ivan-team-rafting-2018-ZfiM.jpg',	'Ivan Team Rafting Scala dei Sapori 2018 2018',	44,	'App\\Article',	'2018-08-23 14:14:14',	'2018-08-23 14:14:14'),
(278,	'image',	'distilleria-le-crode-2018-TJmj.jpg',	'Distilleria Le Crode Scala dei Sapori 2018 2018',	45,	'App\\Article',	'2018-08-23 14:15:46',	'2018-08-23 14:15:46'),
(279,	'image',	'prodotti-con-la-canapa-di-colle-elisa-2018-8D3v.jpg',	'Prodotti con la canapa di Colle Elisa Scala dei Sapori 2018 2018',	46,	'App\\Article',	'2018-08-23 14:19:45',	'2018-08-23 14:19:45'),
(280,	'image',	'prodotti-con-la-canapa-di-colle-elisa-2018-22Pk.jpg',	'Prodotti con la canapa di Colle Elisa Scala dei Sapori 2018 2018',	46,	'App\\Article',	'2018-08-23 14:19:47',	'2018-08-23 14:19:47'),
(281,	'image',	'brintaal-celtic-folk-2018-TMYT.jpg',	'Brintaal Celtic Folk Cultura 2018',	47,	'App\\Article',	'2018-08-23 14:22:53',	'2018-08-23 14:22:53'),
(282,	'image',	'alice-rossi-i-magnetti-e-l-ingrediente-segreto-2018-ZJ9L.jpg',	'Alice Rossi: i Magnetti e l\'ingrediente segreto Artisti 2018',	48,	'App\\Article',	'2018-08-23 14:40:08',	'2018-08-23 14:40:08'),
(284,	'image',	'viste-alla-fortificazione-2018-Wn0S.jpeg',	'Viste alla Fortificazione Scala dei Sapori 2018',	49,	'App\\Article',	'2018-08-23 15:15:21',	'2018-08-23 15:15:51'),
(285,	'image',	'una-volta-c-erano-le-miniere-2018-u6Ay.jpg',	'Una volta c\'erano le miniere Artisti 2018',	50,	'App\\Article',	'2018-08-23 19:13:18',	'2018-08-23 19:13:18'),
(286,	'image',	'stefano-trentinaglia-2018-EVEL.jpg',	'Stefano Trentinaglia Cultura 2018',	51,	'App\\Article',	'2018-08-23 19:20:28',	'2018-08-23 19:20:28'),
(287,	'image',	'alpha-photoghraphers-alberto-cuman-2018-TnSD.jpg',	'Alpha Photoghraphers - Alberto Cuman Scala dei Sapori 2018 2018',	52,	'App\\Article',	'2018-08-23 21:19:06',	'2018-08-23 21:19:06'),
(288,	'image',	'vigneti-delle-dolomiti-2018-6QwE.jpg',	'Vigneti delle Dolomiti Scala dei Sapori 2018 2018',	53,	'App\\Article',	'2018-08-23 21:25:44',	'2018-08-23 21:25:44'),
(289,	'image',	'vigneti-delle-dolomiti-2018-Low7.jpg',	'Vigneti delle Dolomiti Scala dei Sapori 2018 2018',	53,	'App\\Article',	'2018-08-23 21:25:48',	'2018-08-23 21:25:48'),
(290,	'image',	'dino-pedron-e-il-suo-miele-2018-ugtL.jpg',	'Dino Pedron e il suo miele Scala dei Sapori 2018 2018',	54,	'App\\Article',	'2018-08-23 21:27:41',	'2018-08-23 21:27:41'),
(291,	'doc',	'27-08--06-51-419-scala-dei-sapori-2018.pdf',	'Gianfranco Battaglin biglietti evento: Scala dei Sapori 2018',	19,	'App\\Ticket',	NULL,	NULL),
(292,	'image',	'gulasch-preparato-da-el-ciod-2018-K4aU.jpg',	'Gulasch preparato da El Ciod Scala dei Sapori 2018 2018',	55,	'App\\Article',	'2018-08-28 21:41:21',	'2018-08-28 21:41:21'),
(293,	'image',	'la-casa-nel-forte-2018-iLHI.jpg',	'La Casa nel Forte Scala dei Sapori 2018',	56,	'App\\Article',	'2018-08-28 21:43:29',	'2018-08-28 21:43:33'),
(294,	'doc',	'30-08--01-03-920-scala-dei-sapori-2018.pdf',	'Andrea Campana biglietti evento: Scala dei Sapori 2018',	20,	'App\\Ticket',	NULL,	NULL),
(295,	'doc',	'30-08--09-18-1021-scala-dei-sapori-2018.pdf',	'Roberto Miron biglietti evento: Scala dei Sapori 2018',	21,	'App\\Ticket',	NULL,	NULL),
(296,	'doc',	'04-09--05-41-622-scala-dei-sapori-2018.pdf',	'Lorenzo Marcon biglietti evento: Scala dei Sapori 2018',	22,	'App\\Ticket',	NULL,	NULL),
(297,	'doc',	'05-09--12-43-1023-scala-dei-sapori-2018.pdf',	'Roberto Seifert biglietti evento: Scala dei Sapori 2018',	23,	'App\\Ticket',	NULL,	NULL),
(298,	'image',	'il-duo-i-vagabondi-2018-w8Xl.jpg',	'Il DUO i Vagabondi Musica e Concerti 2018',	57,	'App\\Article',	'2018-09-05 20:52:28',	'2018-09-05 20:52:28'),
(299,	'doc',	'05-09--09-00-724-scala-dei-sapori-2018.pdf',	'Alessandro Ferazzoli biglietti evento: Scala dei Sapori 2018',	24,	'App\\Ticket',	NULL,	NULL),
(300,	'doc',	'06-09--01-11-225-scala-dei-sapori-2018.pdf',	'Claudia Dal Molin biglietti evento: Scala dei Sapori 2018',	25,	'App\\Ticket',	NULL,	NULL),
(301,	'image',	'scala-dei-motori-2019-2019-2TCF.jpg',	'Scala dei Motori 2019 Cultura 2019',	10,	'App\\Event',	'2019-04-27 07:10:09',	'2019-04-27 07:10:09'),
(302,	'image',	'scala-dei-sapori-2019-2019-q1Z9.jpg',	'Scala dei Sapori 2019',	11,	'App\\Event',	'2019-08-14 16:40:01',	'2019-08-14 16:40:12'),
(308,	'image',	'visite-all-antica-rimessa-delle-locomotive-1-2019-02IC.jpg',	'Visite all\'antica rimessa delle locomotive Intrattenimento 2019',	58,	'App\\Article',	'2019-08-21 16:09:51',	'2019-08-21 16:09:51'),
(309,	'image',	'viste-alla-fortificazione-1-2019-O4ua.jpeg',	'Viste alla Fortificazione Intrattenimento 2019',	59,	'App\\Article',	'2019-08-21 16:12:36',	'2019-08-21 16:12:36'),
(310,	'doc',	'21-08--06-24-131-scala-dei-sapori-2019.pdf',	'Marco Ferazzoli biglietti evento: Scala dei Sapori 2019',	31,	'App\\Ticket',	NULL,	NULL),
(311,	'image',	'il-duo-i-vagabondi-2019-2019-eamH.jpg',	'Il DUO i Vagabondi 2019 Intrattenimento 2019',	60,	'App\\Article',	'2019-08-21 16:29:30',	'2019-08-21 16:29:30'),
(312,	'image',	'mostra-fotografica-nella-fuciliera-2019-fCCi.jpg',	'Mostra Fotografica nella Fuciliera Intrattenimento 2019',	61,	'App\\Article',	'2019-08-21 16:31:42',	'2019-08-21 16:31:42'),
(313,	'image',	'mago-dado-2019-2019-t3RP.jpg',	'Mago dado 2019 Intrattenimento 2019',	63,	'App\\Article',	'2019-08-21 16:41:04',	'2019-08-21 16:41:04'),
(314,	'image',	'mago-dado-2019-2019-zTBJ.jpg',	'Mago dado 2019 Intrattenimento 2019',	63,	'App\\Article',	'2019-08-21 16:41:04',	'2019-08-21 16:41:04'),
(316,	'image',	'la-scala-baby-2019-EWJa.jpg',	'La Scala Baby Intrattenimento 2019',	62,	'App\\Article',	'2019-08-22 08:10:31',	'2019-08-22 08:10:31'),
(317,	'image',	'spazio-olistico-2019-KBI0.jpg',	'Spazio Olistico Intrattenimento 2019',	64,	'App\\Article',	'2019-08-22 08:16:56',	'2019-08-22 08:16:56'),
(318,	'image',	'alice-rossi-2019-2019-wVZg.jpg',	'Alice Rossi 2019 Intrattenimento 2019',	65,	'App\\Article',	'2019-08-22 08:20:08',	'2019-08-22 08:20:08'),
(319,	'image',	'antipasti-con-bocconcini-di-funghi-2019-gJLy.jpg',	'Antipasti con bocconcini di funghi Scala Dei Sapori 2019 2019',	66,	'App\\Article',	'2019-08-22 08:25:44',	'2019-08-22 08:25:44'),
(320,	'image',	'carne-di-pecora-2019-HvaZ.jpg',	'Carne di pecora Scala Dei Sapori 2019 2019',	67,	'App\\Article',	'2019-08-22 08:27:44',	'2019-08-22 08:27:44'),
(321,	'image',	'gulasch-polenta-e-vino-2019-CdcD.jpg',	'Gulasch, polenta e vino Scala Dei Sapori 2019 2019',	68,	'App\\Article',	'2019-08-22 08:29:29',	'2019-08-22 08:29:29'),
(322,	'image',	'tisane-e-sorbetto-2019-4Gdo.jpg',	'Tisane e sorbetto Scala Dei Sapori 2019 2019',	69,	'App\\Article',	'2019-08-22 08:32:25',	'2019-08-22 08:32:25'),
(323,	'image',	'dolci-2019-mGou.jpg',	'Dolci Scala Dei Sapori 2019 2019',	70,	'App\\Article',	'2019-08-22 08:34:57',	'2019-08-22 08:34:57'),
(325,	'image',	'grappa-2019-SBYS.jpg',	'Grappa Scala Dei Sapori 2019 2019',	72,	'App\\Article',	'2019-08-22 08:42:36',	'2019-08-22 08:42:36'),
(326,	'image',	'formaggi-2019-FsTm.jpg',	'Formaggi Scala Dei Sapori 2019',	71,	'App\\Article',	'2019-08-23 14:23:59',	'2019-08-23 14:28:45'),
(327,	'image',	'formaggi-2019-1JXv.jpg',	'Formaggi Scala Dei Sapori 2019',	71,	'App\\Article',	'2019-08-23 14:24:02',	'2019-08-23 14:28:43'),
(328,	'image',	'formaggi-2019-JAKh.jpg',	'Formaggi Scala Dei Sapori 2019',	71,	'App\\Article',	'2019-08-23 14:24:08',	'2019-08-23 14:28:39'),
(329,	'image',	'formaggi-2019-snzU.jpg',	'Formaggi Scala Dei Sapori 2019',	71,	'App\\Article',	'2019-08-23 14:24:11',	'2019-08-23 14:28:52'),
(330,	'doc',	'01-09--02-43-1032-scala-dei-sapori-2019.pdf',	'Claudio Battaglia biglietti evento: Scala dei Sapori 2019',	32,	'App\\Ticket',	NULL,	NULL),
(331,	'doc',	'04-09--06-09-933-scala-dei-sapori-2019.pdf',	'Giorgia Vita biglietti evento: Scala dei Sapori 2019',	33,	'App\\Ticket',	NULL,	NULL),
(332,	'image',	'festa-di-natale-2019-E5xj.jpg',	'Festa di Natale Feste di Paese 2019',	12,	'App\\Event',	'2019-12-22 17:06:35',	'2019-12-22 17:06:35'),
(333,	'image',	'scala-dei-motori-2021-2021-tGBt.jpg',	'Scala dei Motori 2021 Cultura 2021',	13,	'App\\Event',	'2021-08-01 07:01:19',	'2021-08-01 07:01:19'),
(334,	'image',	'san-rocco-2021-2021-11zh.jpg',	'San Rocco 2021 Feste di Paese 2021',	14,	'App\\Event',	'2021-08-07 15:48:13',	'2021-08-07 15:48:13'),
(335,	'doc',	'san-rocco-2021-2021-Pb50.pdf',	'volantino SAN ROCCO 2021',	14,	'App\\Event',	'2021-08-07 15:49:23',	'2021-08-07 15:50:08'),
(336,	'image',	'scala-dei-sapori-2022-2022-B64w.jpg',	'Scala dei Sapori 2022 Scala Dei Sapori 2022 2022',	15,	'App\\Event',	'2022-08-23 13:42:40',	'2022-08-23 13:42:40'),
(337,	'doc',	'23-08--07-03-231-scala-dei-sapori-2019.pdf',	'Marco Ferazzoli biglietti evento: Scala dei Sapori 2019',	31,	'App\\Ticket',	NULL,	NULL),
(338,	'doc',	'23-08--07-10-531-scala-dei-sapori-2019.pdf',	'Marco Ferazzoli biglietti evento: Scala dei Sapori 2019',	31,	'App\\Ticket',	'2022-08-23 19:10:24',	'2022-08-23 19:10:24'),
(341,	'doc',	'2022/23-08--07-33-434-scala-dei-sapori-2022.pdf',	'Giacomo Gasperini biglietti evento: Scala dei Sapori 2022',	34,	'App\\Ticket',	'2022-08-23 19:33:06',	'2022-08-23 19:33:06'),
(342,	'doc',	'2022/30-08--02-18-135-scala-dei-sapori-2022.pdf',	'Denis Stefani biglietti evento: Scala dei Sapori 2022',	35,	'App\\Ticket',	'2022-08-30 14:18:26',	'2022-08-30 14:18:26'),
(343,	'doc',	'2022/31-08--09-03-536-scala-dei-sapori-2022.pdf',	'Roberta Serafini biglietti evento: Scala dei Sapori 2022',	36,	'App\\Ticket',	'2022-08-31 09:03:09',	'2022-08-31 09:03:09'),
(344,	'doc',	'2022/02-09--08-26-1037-scala-dei-sapori-2022.pdf',	'Silvia Gaiotto biglietti evento: Scala dei Sapori 2022',	37,	'App\\Ticket',	'2022-09-02 20:26:04',	'2022-09-02 20:26:04'),
(345,	'doc',	'2022/04-09--06-21-738-scala-dei-sapori-2022.pdf',	'Alberto Despini biglietti evento: Scala dei Sapori 2022',	38,	'App\\Ticket',	'2022-09-04 18:21:23',	'2022-09-04 18:21:23'),
(346,	'doc',	'2022/05-09--08-07-239-scala-dei-sapori-2022.pdf',	'Giovanna Stefani biglietti evento: Scala dei Sapori 2022',	39,	'App\\Ticket',	'2022-09-05 08:07:22',	'2022-09-05 08:07:22'),
(347,	'doc',	'2022/05-09--05-02-640-scala-dei-sapori-2022.pdf',	'Marco Ferazzoli biglietti evento: Scala dei Sapori 2022',	40,	'App\\Ticket',	'2022-09-05 17:02:44',	'2022-09-05 17:02:44'),
(348,	'doc',	'2022/06-09--08-03-841-scala-dei-sapori-2022.pdf',	'Sandro Mores biglietti evento: Scala dei Sapori 2022',	41,	'App\\Ticket',	'2022-09-06 08:03:17',	'2022-09-06 08:03:17'),
(349,	'doc',	'2022/06-09--03-31-942-scala-dei-sapori-2022.pdf',	'Erika Caregnato biglietti evento: Scala dei Sapori 2022',	42,	'App\\Ticket',	'2022-09-06 15:31:00',	'2022-09-06 15:31:00'),
(350,	'doc',	'2022/07-09--01-20-443-scala-dei-sapori-2022.pdf',	'Alessandro Ferazzoli biglietti evento: Scala dei Sapori 2022',	43,	'App\\Ticket',	'2022-09-07 13:20:08',	'2022-09-07 13:20:08'),
(351,	'doc',	'2022/07-09--01-27-544-scala-dei-sapori-2022.pdf',	'Matteo Dall’agnol biglietti evento: Scala dei Sapori 2022',	44,	'App\\Ticket',	'2022-09-07 13:27:43',	'2022-09-07 13:27:43'),
(352,	'doc',	'2022/07-09--01-40-945-scala-dei-sapori-2022.pdf',	'Stefano Minetto biglietti evento: Scala dei Sapori 2022',	45,	'App\\Ticket',	'2022-09-07 13:40:00',	'2022-09-07 13:40:00'),
(353,	'doc',	'2022/07-09--05-33-246-scala-dei-sapori-2022.pdf',	'Saeah Haigh biglietti evento: Scala dei Sapori 2022',	46,	'App\\Ticket',	'2022-09-07 17:33:47',	'2022-09-07 17:33:47'),
(354,	'doc',	'2022/07-09--05-41-847-scala-dei-sapori-2022.pdf',	'Angelo Locritani biglietti evento: Scala dei Sapori 2022',	47,	'App\\Ticket',	'2022-09-07 17:41:33',	'2022-09-07 17:41:33'),
(355,	'doc',	'2022/07-09--08-14-648-scala-dei-sapori-2022.pdf',	'Marco Ferazzoli biglietti evento: Scala dei Sapori 2022',	48,	'App\\Ticket',	'2022-09-07 20:14:49',	'2022-09-07 20:14:49'),
(356,	'doc',	'2022/08-09--05-10-349-scala-dei-sapori-2022.pdf',	'Valentina Segnana biglietti evento: Scala dei Sapori 2022',	49,	'App\\Ticket',	'2022-09-08 05:10:44',	'2022-09-08 05:10:44'),
(357,	'doc',	'2022/08-09--05-18-750-scala-dei-sapori-2022.pdf',	'Cecilia Fontana biglietti evento: Scala dei Sapori 2022',	50,	'App\\Ticket',	'2022-09-08 05:18:13',	'2022-09-08 05:18:13'),
(358,	'doc',	'2022/08-09--08-27-951-scala-dei-sapori-2022.pdf',	'Alessio Nosiglia biglietti evento: Scala dei Sapori 2022',	51,	'App\\Ticket',	'2022-09-08 08:27:33',	'2022-09-08 08:27:33'),
(359,	'doc',	'2022/08-09--11-33-152-scala-dei-sapori-2022.pdf',	'Sara Pradel biglietti evento: Scala dei Sapori 2022',	52,	'App\\Ticket',	'2022-09-08 11:33:30',	'2022-09-08 11:33:30'),
(360,	'doc',	'2022/29-09--02-26-734-scala-dei-sapori-2022.pdf',	'Giacomo Gasperini biglietti evento: Scala dei Sapori 2022',	34,	'App\\Ticket',	'2022-09-29 14:26:27',	'2022-09-29 14:26:27'),
(361,	'doc',	'2022/30-09--11-38-534-scala-dei-sapori-2022.pdf',	'Giacomo Gasperini biglietti evento: Scala dei Sapori 2022',	34,	'App\\Ticket',	'2022-09-30 23:38:53',	'2022-09-30 23:38:53'),
(362,	'doc',	'2022/02-10--07-23-534-scala-dei-sapori-2022.pdf',	'Giacomo Gasperini biglietti evento: Scala dei Sapori 2022',	34,	'App\\Ticket',	'2022-10-02 07:23:16',	'2022-10-02 07:23:16'),
(363,	'doc',	'2022/15-11--05-55-334-scala-dei-sapori-2022.pdf',	'Giacomo Gasperini biglietti evento: Scala dei Sapori 2022',	34,	'App\\Ticket',	'2022-11-15 17:55:21',	'2022-11-15 17:55:21'),
(364,	'doc',	'2022/15-11--08-39-234-scala-dei-sapori-2022.pdf',	'Giacomo Gasperini biglietti evento: Scala dei Sapori 2022',	34,	'App\\Ticket',	'2022-11-15 20:39:50',	'2022-11-15 20:39:50'),
(365,	'doc',	'2022/20-11--05-54-634-scala-dei-sapori-2022.pdf',	'Giacomo Gasperini biglietti evento: Scala dei Sapori 2022',	34,	'App\\Ticket',	'2022-11-20 05:54:22',	'2022-11-20 05:54:22'),
(366,	'doc',	'2022/25-11--09-34-934-scala-dei-sapori-2022.pdf',	'Giacomo Gasperini biglietti evento: Scala dei Sapori 2022',	34,	'App\\Ticket',	'2022-11-25 09:34:07',	'2022-11-25 09:34:07'),
(367,	'doc',	'2022/25-11--05-55-834-scala-dei-sapori-2022.pdf',	'Giacomo Gasperini biglietti evento: Scala dei Sapori 2022',	34,	'App\\Ticket',	'2022-11-25 17:55:21',	'2022-11-25 17:55:21'),
(368,	'doc',	'2022/29-11--02-51-434-scala-dei-sapori-2022.pdf',	'Giacomo Gasperini biglietti evento: Scala dei Sapori 2022',	34,	'App\\Ticket',	'2022-11-29 14:51:57',	'2022-11-29 14:51:57'),
(369,	'doc',	'2022/18-12--07-45-834-scala-dei-sapori-2022.pdf',	'Giacomo Gasperini biglietti evento: Scala dei Sapori 2022',	34,	'App\\Ticket',	'2022-12-18 19:45:14',	'2022-12-18 19:45:14'),
(370,	'doc',	'2022/29-01--10-02-134-scala-dei-sapori-2022.pdf',	'Giacomo Gasperini biglietti evento: Scala dei Sapori 2022',	34,	'App\\Ticket',	'2023-01-29 22:02:03',	'2023-01-29 22:02:03'),
(371,	'doc',	'2022/16-02--05-09-534-scala-dei-sapori-2022.pdf',	'Giacomo Gasperini biglietti evento: Scala dei Sapori 2022',	34,	'App\\Ticket',	'2023-02-16 17:09:46',	'2023-02-16 17:09:46'),
(372,	'doc',	'2022/04-03--02-22-934-scala-dei-sapori-2022.pdf',	'Giacomo Gasperini biglietti evento: Scala dei Sapori 2022',	34,	'App\\Ticket',	'2023-03-04 02:22:06',	'2023-03-04 02:22:06'),
(373,	'doc',	'2022/22-03--06-44-1034-scala-dei-sapori-2022.pdf',	'Giacomo Gasperini biglietti evento: Scala dei Sapori 2022',	34,	'App\\Ticket',	'2023-03-22 06:44:14',	'2023-03-22 06:44:14'),
(374,	'doc',	'2022/25-03--10-19-734-scala-dei-sapori-2022.pdf',	'Giacomo Gasperini biglietti evento: Scala dei Sapori 2022',	34,	'App\\Ticket',	'2023-03-25 10:19:22',	'2023-03-25 10:19:22'),
(375,	'doc',	'2022/30-03--04-42-434-scala-dei-sapori-2022.pdf',	'Giacomo Gasperini biglietti evento: Scala dei Sapori 2022',	34,	'App\\Ticket',	'2023-03-30 04:42:05',	'2023-03-30 04:42:05'),
(376,	'doc',	'2022/31-03--07-11-1034-scala-dei-sapori-2022.pdf',	'Giacomo Gasperini biglietti evento: Scala dei Sapori 2022',	34,	'App\\Ticket',	'2023-03-31 19:11:40',	'2023-03-31 19:11:40'),
(377,	'doc',	'2022/01-04--06-27-334-scala-dei-sapori-2022.pdf',	'Giacomo Gasperini biglietti evento: Scala dei Sapori 2022',	34,	'App\\Ticket',	'2023-04-01 18:27:09',	'2023-04-01 18:27:09'),
(378,	'doc',	'2022/11-04--05-07-1034-scala-dei-sapori-2022.pdf',	'Giacomo Gasperini biglietti evento: Scala dei Sapori 2022',	34,	'App\\Ticket',	'2023-04-11 17:07:16',	'2023-04-11 17:07:16'),
(379,	'doc',	'2022/10-05--09-56-334-scala-dei-sapori-2022.pdf',	'Giacomo Gasperini biglietti evento: Scala dei Sapori 2022',	34,	'App\\Ticket',	'2023-05-10 21:56:12',	'2023-05-10 21:56:12'),
(380,	'doc',	'2022/13-05--01-27-734-scala-dei-sapori-2022.pdf',	'Giacomo Gasperini biglietti evento: Scala dei Sapori 2022',	34,	'App\\Ticket',	'2023-05-13 01:27:06',	'2023-05-13 01:27:06'),
(381,	'doc',	'2022/14-05--10-32-634-scala-dei-sapori-2022.pdf',	'Giacomo Gasperini biglietti evento: Scala dei Sapori 2022',	34,	'App\\Ticket',	'2023-05-14 22:32:49',	'2023-05-14 22:32:49'),
(382,	'doc',	'2022/19-05--05-11-1034-scala-dei-sapori-2022.pdf',	'Giacomo Gasperini biglietti evento: Scala dei Sapori 2022',	34,	'App\\Ticket',	'2023-05-19 05:11:07',	'2023-05-19 05:11:07'),
(383,	'doc',	'2022/19-05--09-51-734-scala-dei-sapori-2022.pdf',	'Giacomo Gasperini biglietti evento: Scala dei Sapori 2022',	34,	'App\\Ticket',	'2023-05-19 21:51:21',	'2023-05-19 21:51:21'),
(384,	'doc',	'2022/20-05--12-23-534-scala-dei-sapori-2022.pdf',	'Giacomo Gasperini biglietti evento: Scala dei Sapori 2022',	34,	'App\\Ticket',	'2023-05-20 00:23:02',	'2023-05-20 00:23:02'),
(385,	'doc',	'2022/26-05--10-15-234-scala-dei-sapori-2022.pdf',	'Giacomo Gasperini biglietti evento: Scala dei Sapori 2022',	34,	'App\\Ticket',	'2023-05-26 22:15:44',	'2023-05-26 22:15:44'),
(386,	'doc',	'2022/27-05--07-30-834-scala-dei-sapori-2022.pdf',	'Giacomo Gasperini biglietti evento: Scala dei Sapori 2022',	34,	'App\\Ticket',	'2023-05-27 19:30:31',	'2023-05-27 19:30:31'),
(387,	'doc',	'2022/29-05--08-08-734-scala-dei-sapori-2022.pdf',	'Giacomo Gasperini biglietti evento: Scala dei Sapori 2022',	34,	'App\\Ticket',	'2023-05-29 20:08:43',	'2023-05-29 20:08:43'),
(388,	'doc',	'2022/30-05--04-53-1034-scala-dei-sapori-2022.pdf',	'Giacomo Gasperini biglietti evento: Scala dei Sapori 2022',	34,	'App\\Ticket',	'2023-05-30 04:53:42',	'2023-05-30 04:53:42'),
(389,	'doc',	'2022/30-05--03-16-734-scala-dei-sapori-2022.pdf',	'Giacomo Gasperini biglietti evento: Scala dei Sapori 2022',	34,	'App\\Ticket',	'2023-05-30 15:16:21',	'2023-05-30 15:16:21'),
(390,	'doc',	'2022/10-06--05-15-534-scala-dei-sapori-2022.pdf',	'Giacomo Gasperini biglietti evento: Scala dei Sapori 2022',	34,	'App\\Ticket',	'2023-06-10 05:15:39',	'2023-06-10 05:15:39'),
(391,	'doc',	'2022/11-06--08-32-634-scala-dei-sapori-2022.pdf',	'Giacomo Gasperini biglietti evento: Scala dei Sapori 2022',	34,	'App\\Ticket',	'2023-06-11 08:32:05',	'2023-06-11 08:32:05'),
(392,	'doc',	'2022/13-06--01-15-534-scala-dei-sapori-2022.pdf',	'Giacomo Gasperini biglietti evento: Scala dei Sapori 2022',	34,	'App\\Ticket',	'2023-06-13 13:15:23',	'2023-06-13 13:15:23'),
(393,	'doc',	'2022/23-06--02-28-934-scala-dei-sapori-2022.pdf',	'Giacomo Gasperini biglietti evento: Scala dei Sapori 2022',	34,	'App\\Ticket',	'2023-06-23 02:28:39',	'2023-06-23 02:28:39'),
(394,	'doc',	'2022/24-06--03-35-634-scala-dei-sapori-2022.pdf',	'Giacomo Gasperini biglietti evento: Scala dei Sapori 2022',	34,	'App\\Ticket',	'2023-06-24 03:35:28',	'2023-06-24 03:35:28'),
(395,	'doc',	'2022/30-06--07-23-934-scala-dei-sapori-2022.pdf',	'Giacomo Gasperini biglietti evento: Scala dei Sapori 2022',	34,	'App\\Ticket',	'2023-06-30 07:23:31',	'2023-06-30 07:23:31'),
(396,	'doc',	'2022/03-07--03-18-834-scala-dei-sapori-2022.pdf',	'Giacomo Gasperini biglietti evento: Scala dei Sapori 2022',	34,	'App\\Ticket',	'2023-07-03 15:18:52',	'2023-07-03 15:18:52'),
(397,	'doc',	'2022/06-07--03-27-534-scala-dei-sapori-2022.pdf',	'Giacomo Gasperini biglietti evento: Scala dei Sapori 2022',	34,	'App\\Ticket',	'2023-07-06 15:27:47',	'2023-07-06 15:27:47'),
(398,	'doc',	'2022/10-07--05-36-1034-scala-dei-sapori-2022.pdf',	'Giacomo Gasperini biglietti evento: Scala dei Sapori 2022',	34,	'App\\Ticket',	'2023-07-10 17:36:00',	'2023-07-10 17:36:00'),
(399,	'doc',	'2022/14-07--08-33-234-scala-dei-sapori-2022.pdf',	'Giacomo Gasperini biglietti evento: Scala dei Sapori 2022',	34,	'App\\Ticket',	'2023-07-14 08:33:47',	'2023-07-14 08:33:47'),
(400,	'doc',	'2022/15-07--05-16-534-scala-dei-sapori-2022.pdf',	'Giacomo Gasperini biglietti evento: Scala dei Sapori 2022',	34,	'App\\Ticket',	'2023-07-15 05:16:37',	'2023-07-15 05:16:37'),
(401,	'doc',	'2022/15-07--08-33-134-scala-dei-sapori-2022.pdf',	'Giacomo Gasperini biglietti evento: Scala dei Sapori 2022',	34,	'App\\Ticket',	'2023-07-15 20:33:05',	'2023-07-15 20:33:05'),
(402,	'doc',	'2022/23-07--10-42-834-scala-dei-sapori-2022.pdf',	'Giacomo Gasperini biglietti evento: Scala dei Sapori 2022',	34,	'App\\Ticket',	'2023-07-23 22:42:56',	'2023-07-23 22:42:56'),
(403,	'doc',	'2022/24-07--05-39-634-scala-dei-sapori-2022.pdf',	'Giacomo Gasperini biglietti evento: Scala dei Sapori 2022',	34,	'App\\Ticket',	'2023-07-24 05:39:10',	'2023-07-24 05:39:10'),
(404,	'doc',	'2022/25-07--11-15-1034-scala-dei-sapori-2022.pdf',	'Giacomo Gasperini biglietti evento: Scala dei Sapori 2022',	34,	'App\\Ticket',	'2023-07-25 11:15:58',	'2023-07-25 11:15:58'),
(405,	'doc',	'2022/27-07--11-31-434-scala-dei-sapori-2022.pdf',	'Giacomo Gasperini biglietti evento: Scala dei Sapori 2022',	34,	'App\\Ticket',	'2023-07-27 11:31:20',	'2023-07-27 11:31:20'),
(406,	'doc',	'2022/28-07--03-30-434-scala-dei-sapori-2022.pdf',	'Giacomo Gasperini biglietti evento: Scala dei Sapori 2022',	34,	'App\\Ticket',	'2023-07-28 03:30:14',	'2023-07-28 03:30:14'),
(407,	'doc',	'2022/28-07--10-58-1034-scala-dei-sapori-2022.pdf',	'Giacomo Gasperini biglietti evento: Scala dei Sapori 2022',	34,	'App\\Ticket',	'2023-07-28 10:58:31',	'2023-07-28 10:58:31'),
(408,	'doc',	'2022/28-07--08-45-634-scala-dei-sapori-2022.pdf',	'Giacomo Gasperini biglietti evento: Scala dei Sapori 2022',	34,	'App\\Ticket',	'2023-07-28 20:45:57',	'2023-07-28 20:45:57'),
(409,	'doc',	'2022/29-07--05-36-934-scala-dei-sapori-2022.pdf',	'Giacomo Gasperini biglietti evento: Scala dei Sapori 2022',	34,	'App\\Ticket',	'2023-07-29 05:36:56',	'2023-07-29 05:36:56'),
(410,	'doc',	'2022/31-07--01-23-134-scala-dei-sapori-2022.pdf',	'Giacomo Gasperini biglietti evento: Scala dei Sapori 2022',	34,	'App\\Ticket',	'2023-07-31 01:23:17',	'2023-07-31 01:23:17'),
(411,	'doc',	'2022/31-07--04-31-534-scala-dei-sapori-2022.pdf',	'Giacomo Gasperini biglietti evento: Scala dei Sapori 2022',	34,	'App\\Ticket',	'2023-07-31 04:31:28',	'2023-07-31 04:31:28'),
(412,	'doc',	'2022/01-08--03-09-534-scala-dei-sapori-2022.pdf',	'Giacomo Gasperini biglietti evento: Scala dei Sapori 2022',	34,	'App\\Ticket',	'2023-08-01 15:09:56',	'2023-08-01 15:09:56'),
(413,	'doc',	'2022/02-08--01-17-334-scala-dei-sapori-2022.pdf',	'Giacomo Gasperini biglietti evento: Scala dei Sapori 2022',	34,	'App\\Ticket',	'2023-08-02 13:17:29',	'2023-08-02 13:17:29'),
(414,	'doc',	'2022/02-08--01-20-1034-scala-dei-sapori-2022.pdf',	'Giacomo Gasperini biglietti evento: Scala dei Sapori 2022',	34,	'App\\Ticket',	'2023-08-02 13:20:22',	'2023-08-02 13:20:22'),
(415,	'doc',	'2022/02-08--09-20-734-scala-dei-sapori-2022.pdf',	'Giacomo Gasperini biglietti evento: Scala dei Sapori 2022',	34,	'App\\Ticket',	'2023-08-02 21:20:56',	'2023-08-02 21:20:56'),
(416,	'doc',	'2022/03-08--06-45-1034-scala-dei-sapori-2022.pdf',	'Giacomo Gasperini biglietti evento: Scala dei Sapori 2022',	34,	'App\\Ticket',	'2023-08-03 06:45:11',	'2023-08-03 06:45:11'),
(417,	'doc',	'2022/04-08--06-02-934-scala-dei-sapori-2022.pdf',	'Giacomo Gasperini biglietti evento: Scala dei Sapori 2022',	34,	'App\\Ticket',	'2023-08-04 06:02:56',	'2023-08-04 06:02:56'),
(418,	'doc',	'2022/13-08--09-33-1034-scala-dei-sapori-2022.pdf',	'Giacomo Gasperini biglietti evento: Scala dei Sapori 2022',	34,	'App\\Ticket',	'2023-08-13 21:33:54',	'2023-08-13 21:33:54'),
(419,	'doc',	'2022/13-08--09-33-934-scala-dei-sapori-2022.pdf',	'Giacomo Gasperini biglietti evento: Scala dei Sapori 2022',	34,	'App\\Ticket',	'2023-08-13 21:33:54',	'2023-08-13 21:33:54'),
(420,	'doc',	'2022/13-08--11-03-834-scala-dei-sapori-2022.pdf',	'Giacomo Gasperini biglietti evento: Scala dei Sapori 2022',	34,	'App\\Ticket',	'2023-08-13 23:03:20',	'2023-08-13 23:03:20'),
(421,	'doc',	'2022/14-08--09-32-534-scala-dei-sapori-2022.pdf',	'Giacomo Gasperini biglietti evento: Scala dei Sapori 2022',	34,	'App\\Ticket',	'2023-08-14 21:32:58',	'2023-08-14 21:32:58'),
(422,	'doc',	'2022/15-08--04-42-1034-scala-dei-sapori-2022.pdf',	'Giacomo Gasperini biglietti evento: Scala dei Sapori 2022',	34,	'App\\Ticket',	'2023-08-15 16:42:45',	'2023-08-15 16:42:45'),
(423,	'doc',	'2022/18-08--02-46-1034-scala-dei-sapori-2022.pdf',	'Giacomo Gasperini biglietti evento: Scala dei Sapori 2022',	34,	'App\\Ticket',	'2023-08-18 14:46:20',	'2023-08-18 14:46:20'),
(424,	'doc',	'2022/18-08--02-46-934-scala-dei-sapori-2022.pdf',	'Giacomo Gasperini biglietti evento: Scala dei Sapori 2022',	34,	'App\\Ticket',	'2023-08-18 14:46:20',	'2023-08-18 14:46:20'),
(425,	'doc',	'2022/18-08--02-46-934-scala-dei-sapori-2022.pdf',	'Giacomo Gasperini biglietti evento: Scala dei Sapori 2022',	34,	'App\\Ticket',	'2023-08-18 14:46:25',	'2023-08-18 14:46:25'),
(426,	'doc',	'2022/18-08--02-46-734-scala-dei-sapori-2022.pdf',	'Giacomo Gasperini biglietti evento: Scala dei Sapori 2022',	34,	'App\\Ticket',	'2023-08-18 14:46:26',	'2023-08-18 14:46:26'),
(427,	'doc',	'2022/18-08--02-46-1034-scala-dei-sapori-2022.pdf',	'Giacomo Gasperini biglietti evento: Scala dei Sapori 2022',	34,	'App\\Ticket',	'2023-08-18 14:46:30',	'2023-08-18 14:46:30'),
(428,	'doc',	'2022/19-08--08-28-1034-scala-dei-sapori-2022.pdf',	'Giacomo Gasperini biglietti evento: Scala dei Sapori 2022',	34,	'App\\Ticket',	'2023-08-19 20:28:15',	'2023-08-19 20:28:15'),
(429,	'doc',	'2022/19-08--11-37-934-scala-dei-sapori-2022.pdf',	'Giacomo Gasperini biglietti evento: Scala dei Sapori 2022',	34,	'App\\Ticket',	'2023-08-19 23:37:18',	'2023-08-19 23:37:18'),
(430,	'doc',	'2022/23-08--06-42-734-scala-dei-sapori-2022.pdf',	'Giacomo Gasperini biglietti evento: Scala dei Sapori 2022',	34,	'App\\Ticket',	'2023-08-23 18:42:29',	'2023-08-23 18:42:29'),
(431,	'doc',	'2022/27-08--04-44-634-scala-dei-sapori-2022.pdf',	'Giacomo Gasperini biglietti evento: Scala dei Sapori 2022',	34,	'App\\Ticket',	'2023-08-27 16:44:39',	'2023-08-27 16:44:39'),
(432,	'doc',	'2022/30-08--05-07-434-scala-dei-sapori-2022.pdf',	'Giacomo Gasperini biglietti evento: Scala dei Sapori 2022',	34,	'App\\Ticket',	'2023-08-30 17:07:06',	'2023-08-30 17:07:06'),
(433,	'doc',	'2022/02-09--06-34-234-scala-dei-sapori-2022.pdf',	'Giacomo Gasperini biglietti evento: Scala dei Sapori 2022',	34,	'App\\Ticket',	'2023-09-02 06:34:02',	'2023-09-02 06:34:02'),
(434,	'doc',	'2022/04-09--03-42-134-scala-dei-sapori-2022.pdf',	'Giacomo Gasperini biglietti evento: Scala dei Sapori 2022',	34,	'App\\Ticket',	'2023-09-04 03:42:51',	'2023-09-04 03:42:51'),
(435,	'doc',	'2022/08-09--05-00-534-scala-dei-sapori-2022.pdf',	'Giacomo Gasperini biglietti evento: Scala dei Sapori 2022',	34,	'App\\Ticket',	'2023-09-08 05:00:13',	'2023-09-08 05:00:13'),
(436,	'doc',	'2022/08-09--05-00-634-scala-dei-sapori-2022.pdf',	'Giacomo Gasperini biglietti evento: Scala dei Sapori 2022',	34,	'App\\Ticket',	'2023-09-08 05:00:13',	'2023-09-08 05:00:13'),
(437,	'doc',	'2022/10-09--11-15-434-scala-dei-sapori-2022.pdf',	'Giacomo Gasperini biglietti evento: Scala dei Sapori 2022',	34,	'App\\Ticket',	'2023-09-10 23:15:51',	'2023-09-10 23:15:51'),
(438,	'doc',	'2022/11-09--01-19-934-scala-dei-sapori-2022.pdf',	'Giacomo Gasperini biglietti evento: Scala dei Sapori 2022',	34,	'App\\Ticket',	'2023-09-11 01:19:12',	'2023-09-11 01:19:12'),
(439,	'doc',	'2022/13-09--04-48-834-scala-dei-sapori-2022.pdf',	'Giacomo Gasperini biglietti evento: Scala dei Sapori 2022',	34,	'App\\Ticket',	'2023-09-13 16:48:03',	'2023-09-13 16:48:03'),
(440,	'doc',	'2022/18-09--08-42-734-scala-dei-sapori-2022.pdf',	'Giacomo Gasperini biglietti evento: Scala dei Sapori 2022',	34,	'App\\Ticket',	'2023-09-18 20:42:21',	'2023-09-18 20:42:21'),
(441,	'doc',	'2022/22-09--08-48-234-scala-dei-sapori-2022.pdf',	'Giacomo Gasperini biglietti evento: Scala dei Sapori 2022',	34,	'App\\Ticket',	'2023-09-22 20:48:15',	'2023-09-22 20:48:15'),
(442,	'doc',	'2022/25-09--12-35-534-scala-dei-sapori-2022.pdf',	'Giacomo Gasperini biglietti evento: Scala dei Sapori 2022',	34,	'App\\Ticket',	'2023-09-25 12:35:59',	'2023-09-25 12:35:59'),
(443,	'doc',	'2022/25-09--12-36-734-scala-dei-sapori-2022.pdf',	'Giacomo Gasperini biglietti evento: Scala dei Sapori 2022',	34,	'App\\Ticket',	'2023-09-25 12:36:04',	'2023-09-25 12:36:04'),
(444,	'doc',	'2022/25-09--01-56-434-scala-dei-sapori-2022.pdf',	'Giacomo Gasperini biglietti evento: Scala dei Sapori 2022',	34,	'App\\Ticket',	'2023-09-25 13:56:18',	'2023-09-25 13:56:18'),
(445,	'doc',	'2022/07-10--08-20-1034-scala-dei-sapori-2022.pdf',	'Giacomo Gasperini biglietti evento: Scala dei Sapori 2022',	34,	'App\\Ticket',	'2023-10-07 08:20:41',	'2023-10-07 08:20:41'),
(446,	'doc',	'2022/23-10--08-00-334-scala-dei-sapori-2022.pdf',	'Giacomo Gasperini biglietti evento: Scala dei Sapori 2022',	34,	'App\\Ticket',	'2023-10-23 20:00:59',	'2023-10-23 20:00:59'),
(447,	'doc',	'2022/29-10--11-22-834-scala-dei-sapori-2022.pdf',	'Giacomo Gasperini biglietti evento: Scala dei Sapori 2022',	34,	'App\\Ticket',	'2023-10-29 23:22:36',	'2023-10-29 23:22:36'),
(448,	'doc',	'2022/30-10--08-46-134-scala-dei-sapori-2022.pdf',	'Giacomo Gasperini biglietti evento: Scala dei Sapori 2022',	34,	'App\\Ticket',	'2023-10-30 20:46:54',	'2023-10-30 20:46:54'),
(449,	'doc',	'2022/30-10--08-47-434-scala-dei-sapori-2022.pdf',	'Giacomo Gasperini biglietti evento: Scala dei Sapori 2022',	34,	'App\\Ticket',	'2023-10-30 20:47:00',	'2023-10-30 20:47:00'),
(450,	'doc',	'2022/31-10--12-26-734-scala-dei-sapori-2022.pdf',	'Giacomo Gasperini biglietti evento: Scala dei Sapori 2022',	34,	'App\\Ticket',	'2023-10-31 12:26:23',	'2023-10-31 12:26:23'),
(451,	'doc',	'2022/02-11--09-24-134-scala-dei-sapori-2022.pdf',	'Giacomo Gasperini biglietti evento: Scala dei Sapori 2022',	34,	'App\\Ticket',	'2023-11-02 21:24:01',	'2023-11-02 21:24:01'),
(452,	'doc',	'2022/03-11--07-50-734-scala-dei-sapori-2022.pdf',	'Giacomo Gasperini biglietti evento: Scala dei Sapori 2022',	34,	'App\\Ticket',	'2023-11-03 07:50:06',	'2023-11-03 07:50:06'),
(453,	'doc',	'2022/21-11--08-09-1034-scala-dei-sapori-2022.pdf',	'Giacomo Gasperini biglietti evento: Scala dei Sapori 2022',	34,	'App\\Ticket',	'2023-11-21 20:09:14',	'2023-11-21 20:09:14'),
(454,	'doc',	'2022/24-11--01-46-834-scala-dei-sapori-2022.pdf',	'Giacomo Gasperini biglietti evento: Scala dei Sapori 2022',	34,	'App\\Ticket',	'2023-11-24 13:46:57',	'2023-11-24 13:46:57'),
(455,	'doc',	'2022/29-11--06-23-134-scala-dei-sapori-2022.pdf',	'Giacomo Gasperini biglietti evento: Scala dei Sapori 2022',	34,	'App\\Ticket',	'2023-11-29 18:23:48',	'2023-11-29 18:23:48'),
(456,	'doc',	'2022/02-12--05-39-134-scala-dei-sapori-2022.pdf',	'Giacomo Gasperini biglietti evento: Scala dei Sapori 2022',	34,	'App\\Ticket',	'2023-12-02 05:39:23',	'2023-12-02 05:39:23'),
(457,	'doc',	'2022/10-12--05-54-934-scala-dei-sapori-2022.pdf',	'Giacomo Gasperini biglietti evento: Scala dei Sapori 2022',	34,	'App\\Ticket',	'2023-12-10 17:54:00',	'2023-12-10 17:54:00'),
(458,	'doc',	'2022/08-01--08-48-134-scala-dei-sapori-2022.pdf',	'Giacomo Gasperini biglietti evento: Scala dei Sapori 2022',	34,	'App\\Ticket',	'2024-01-08 20:48:02',	'2024-01-08 20:48:02'),
(459,	'doc',	'2022/12-01--08-25-134-scala-dei-sapori-2022.pdf',	'Giacomo Gasperini biglietti evento: Scala dei Sapori 2022',	34,	'App\\Ticket',	'2024-01-12 20:25:34',	'2024-01-12 20:25:34'),
(460,	'doc',	'2022/13-01--11-11-134-scala-dei-sapori-2022.pdf',	'Giacomo Gasperini biglietti evento: Scala dei Sapori 2022',	34,	'App\\Ticket',	'2024-01-13 11:11:37',	'2024-01-13 11:11:37'),
(461,	'doc',	'2022/18-01--05-16-834-scala-dei-sapori-2022.pdf',	'Giacomo Gasperini biglietti evento: Scala dei Sapori 2022',	34,	'App\\Ticket',	'2024-01-18 17:16:39',	'2024-01-18 17:16:39'),
(462,	'doc',	'2022/18-01--08-25-434-scala-dei-sapori-2022.pdf',	'Giacomo Gasperini biglietti evento: Scala dei Sapori 2022',	34,	'App\\Ticket',	'2024-01-18 20:25:47',	'2024-01-18 20:25:47'),
(463,	'doc',	'2022/18-01--08-25-234-scala-dei-sapori-2022.pdf',	'Giacomo Gasperini biglietti evento: Scala dei Sapori 2022',	34,	'App\\Ticket',	'2024-01-18 20:25:47',	'2024-01-18 20:25:47'),
(464,	'doc',	'2022/04-02--10-59-834-scala-dei-sapori-2022.pdf',	'Giacomo Gasperini biglietti evento: Scala dei Sapori 2022',	34,	'App\\Ticket',	'2024-02-04 22:59:00',	'2024-02-04 22:59:00'),
(465,	'image',	'vini-di-frontiera-2024-MzXe.jpg',	'Vini di frontiera Fortificazioni 2024',	16,	'App\\Event',	'2024-05-31 07:05:33',	'2024-05-31 07:05:33');

DROP TABLE IF EXISTS `migrations`;
CREATE TABLE `migrations` (
  `id` int(10) unsigned NOT NULL AUTO_INCREMENT,
  `migration` varchar(191) NOT NULL,
  `batch` int(11) NOT NULL,
  PRIMARY KEY (`id`)
) ENGINE=InnoDB DEFAULT CHARSET=utf8mb4 COLLATE=utf8mb4_unicode_ci;

INSERT INTO `migrations` (`id`, `migration`, `batch`) VALUES
(15,	'2014_10_12_000000_create_users_table',	1),
(16,	'2014_10_12_100000_create_password_resets_table',	1),
(17,	'2017_04_18_100000_create_roles_table',	1),
(18,	'2017_04_18_100001_create_role_user_table',	1),
(19,	'2017_04_18_102325_create_sectors_table',	1),
(20,	'2017_04_18_102326_create_sectorables_table',	1),
(21,	'2017_04_18_102349_create_events_table',	1),
(22,	'2017_04_18_102359_create_articles_table',	1),
(23,	'2017_04_18_102406_create_galleries_table',	1),
(24,	'2017_04_18_102440_create_tickets_table',	1),
(25,	'2017_04_18_103044_create_profiles_table',	1),
(26,	'2017_04_18_103045_create_tags_table',	1),
(27,	'2017_04_18_103046_create_taggables_table',	1),
(28,	'2017_04_18_110101_create_media_table',	1);

DROP TABLE IF EXISTS `password_resets`;
CREATE TABLE `password_resets` (
  `email` varchar(191) NOT NULL,
  `token` varchar(191) NOT NULL,
  `created_at` timestamp NULL DEFAULT NULL,
  KEY `password_resets_email_index` (`email`)
) ENGINE=InnoDB DEFAULT CHARSET=utf8mb4 COLLATE=utf8mb4_unicode_ci;


DROP TABLE IF EXISTS `profiles`;
CREATE TABLE `profiles` (
  `id` int(10) unsigned NOT NULL AUTO_INCREMENT,
  `nome` varchar(191) NOT NULL,
  `cognome` varchar(191) NOT NULL,
  `email` varchar(191) NOT NULL,
  `telefono` varchar(191) NOT NULL,
  `user_id` int(10) unsigned NOT NULL,
  `created_at` timestamp NULL DEFAULT NULL,
  `updated_at` timestamp NULL DEFAULT NULL,
  PRIMARY KEY (`id`),
  KEY `profiles_user_id_index` (`user_id`),
  CONSTRAINT `profiles_user_id_foreign` FOREIGN KEY (`user_id`) REFERENCES `users` (`id`) ON DELETE CASCADE
) ENGINE=InnoDB DEFAULT CHARSET=utf8mb4 COLLATE=utf8mb4_unicode_ci;

INSERT INTO `profiles` (`id`, `nome`, `cognome`, `email`, `telefono`, `user_id`, `created_at`, `updated_at`) VALUES
(1,	'Giacomo',	'Gasperini',	'giacomo.gasperini@gmail.com',	'3471967852',	1,	'2017-04-29 08:42:00',	'2022-08-23 19:24:05'),
(2,	'Katia',	'D\'Isep',	'ka.di@email.it',	'3899646379',	2,	'2017-07-20 01:28:12',	'2017-07-20 01:28:12'),
(3,	'Daniel',	'Corso',	'theasterix@libero.it',	'3292948452',	3,	'2017-07-20 01:36:50',	'2017-07-20 01:36:50'),
(4,	'Monica',	'Faedo',	'monicafaedo@virgilio.it',	'3312503069',	4,	'2017-08-02 02:15:28',	'2017-08-02 02:15:28'),
(5,	'Alberto',	'Bianco',	'albertobianco.oui@gmail.com',	'3913038441',	5,	'2017-08-03 00:51:42',	'2017-08-03 00:51:42'),
(6,	'Paolo',	'Calza',	'paolo@calzinhos.com',	'3927969609',	6,	'2017-08-12 22:57:48',	'2017-08-12 22:57:48'),
(7,	'Mirca',	'Stefani',	'mircastefani@gmail.com',	'3405691878',	7,	'2017-08-23 02:48:58',	'2017-08-23 02:48:58'),
(8,	'roberto',	'minute',	'minuteroberto@hotmail.it',	'3927627671',	8,	'2017-08-27 15:33:10',	'2017-08-27 15:33:10'),
(9,	'claudio mario',	'Scavazza',	'claudio.scavazza@gmail.com',	'32989895307',	10,	'2017-08-30 22:41:15',	'2017-08-30 22:41:15'),
(10,	'Igor',	'Gabrielli',	'igr74gabrielli@gmail.com',	'3467011221',	11,	'2017-08-30 22:53:54',	'2017-08-30 22:53:54'),
(11,	'Gregorio',	'Ceccato',	'gregorio.ceccato@libero.it',	'338 5869816',	12,	'2017-09-01 00:44:51',	'2017-09-01 00:44:51'),
(12,	'daniele',	'luccini',	'diluccini@gmail.com',	'3272013564',	13,	'2017-09-01 13:38:42',	'2017-09-01 13:38:42'),
(13,	'Francesca',	'Didonè',	'checcadidos@gmail.com',	'3485285022',	14,	'2017-09-01 15:45:48',	'2017-09-01 15:45:48'),
(14,	'Corrado',	'Caenaro',	'corradocaenaro63@gmail.com',	'3332280762',	15,	'2017-09-01 16:14:41',	'2017-09-01 16:14:41'),
(15,	'Danilo',	'Stramaglia',	'dstramaglia@hotmail.com',	'3283610689',	16,	'2017-09-01 17:06:02',	'2017-09-01 17:06:02'),
(16,	'loris',	'cazzaro',	'superloris01@libero.it',	'3381668981',	17,	'2017-09-01 19:10:50',	'2017-09-01 19:10:50'),
(17,	'sara',	'bonato',	'lilith_90@live.it',	'3495294354',	18,	'2017-09-02 01:40:41',	'2017-09-02 01:40:41'),
(18,	'Levi',	'Bertini',	'levibertini@tiscali.it',	'3494379985',	19,	'2017-09-02 11:45:49',	'2017-09-02 11:45:49'),
(19,	'nicoletta',	'candiotto',	'nickycandiotto@hotmail.com',	'3294614426',	20,	'2017-09-02 20:29:18',	'2017-09-02 20:29:18'),
(20,	'tommaso',	'zanocco',	'tommasozanocco@gmail.com',	'3496850344',	21,	'2017-09-03 00:53:34',	'2017-09-03 00:53:34'),
(21,	'Gianmarco',	'Bacchin',	'gianni8bak@gmail.com',	'3458139449',	22,	'2017-09-03 14:58:19',	'2017-09-03 14:58:19'),
(22,	'Gian Uberto',	'Lauri',	'saint@eng.it',	'3471200751',	24,	'2017-09-05 13:40:43',	'2017-09-05 13:40:43'),
(23,	'VALENTINA',	'MINATI',	'VALENTINAMINATI@VIRGILIO.IT',	'3394685177',	25,	'2017-09-05 17:54:18',	'2017-09-05 17:54:18'),
(24,	'Luigi',	'Frizzon',	'frizzon@libero.it',	'333 3713607',	26,	'2017-09-05 18:03:34',	'2017-09-05 18:03:34'),
(25,	'Patrizia',	'Sacchet',	'patriziasacchet@tiscali.it',	'0439 438075',	27,	'2017-09-05 18:10:37',	'2017-09-05 18:10:37'),
(26,	'Lara',	'Vanzo',	'plicchiolv@yahoo.it',	'3289492458',	28,	'2017-09-06 13:26:24',	'2017-09-06 13:26:24'),
(27,	'emiliano',	'ferlin',	'emilianogc@libero.it',	'3493232344',	29,	'2017-09-06 14:49:02',	'2017-09-06 14:49:02'),
(28,	'Walesa',	'Porcellato',	'walesa84@gmail.com',	'6981045801',	30,	'2017-09-06 16:21:47',	'2017-09-06 16:21:47'),
(29,	'claudio',	'MAZZOCATO',	'claudiomazzocato@ngi.it',	'3460253741',	31,	'2017-09-06 17:14:57',	'2017-09-06 17:14:57'),
(30,	'A',	'T',	'alext@123mail.org',	'049',	32,	'2017-09-07 13:37:27',	'2017-09-07 13:37:27'),
(32,	'Marco',	'Ferazzoli',	'marco.ferazzoli@gmail.com',	'3297376585',	34,	'2018-08-11 20:11:44',	'2018-08-11 20:11:44'),
(33,	'Giacomo',	'Gasperini',	'jacofda@gmail.com',	'3471967852',	35,	'2018-08-12 21:01:18',	'2018-08-12 21:01:18'),
(34,	'Laura',	'Campana',	'campanalaura85@gmail.com',	'3663930812',	36,	'2018-08-20 12:16:09',	'2018-08-20 12:16:09'),
(35,	'Fabio',	'Illesi',	'fabillesi@gmail.com',	'3334537399',	37,	'2018-08-22 01:46:32',	'2018-08-22 01:46:32'),
(36,	'Andrea',	'Okroglic',	'andrea.okroglic@gmail.com',	'3486252799',	38,	'2018-08-23 00:14:44',	'2018-08-23 00:14:44'),
(37,	'Gianfranco',	'Battaglin',	'battaglinmarco.mb@gmail.com',	'3358083853',	39,	'2018-08-27 22:49:21',	'2018-08-27 22:49:21'),
(38,	'Andrea',	'Campana',	'andrea_campana_pove@hotmail.it',	'3493253565',	40,	'2018-08-30 05:02:14',	'2018-08-30 05:02:14'),
(39,	'Caterina',	'Reffo',	'caterinareffo@gmail.com',	'3394524447',	41,	'2018-08-30 16:40:38',	'2018-08-30 16:40:38'),
(40,	'Emilio',	'Testa',	'emilio.testa.clyv@alice.it',	'3463577680',	42,	'2018-08-30 23:30:08',	'2018-08-30 23:30:08'),
(41,	'Roberto',	'Miron',	'robymir79@gmail.com',	'3332804772',	43,	'2018-08-31 01:13:17',	'2018-08-31 01:13:17'),
(42,	'Giorgia',	'Vita',	'temide.gv@gmail.com',	'3313502117',	44,	'2018-09-02 14:16:09',	'2018-09-02 14:16:09'),
(43,	'Lorenzo',	'Marcon',	'lormaill75@gmail.com',	'3494737513',	45,	'2018-09-04 21:39:26',	'2018-09-04 21:39:26'),
(44,	'Raffaele',	'Fantinato',	'raffaele.fantinato@gmail.com',	'3494445629',	46,	'2018-09-05 15:39:55',	'2018-09-05 15:39:55'),
(45,	'Roberto',	'Seifert',	'robertosei@gmail.com',	'+393460304580',	47,	'2018-09-05 16:35:11',	'2018-09-05 16:35:11'),
(46,	'Nicola',	'Tagliapietra',	'nicktag@alice.it',	'+393296277395',	48,	'2018-09-05 17:37:20',	'2018-09-05 17:37:20'),
(47,	'Claudia',	'Dal Molin',	'claudiadalmo@gmail.com',	'3495501508',	49,	'2018-09-05 23:31:53',	'2018-09-05 23:32:06'),
(48,	'Alessandro',	'Ferazzoli',	'xeel82@gmail.com',	'3289472774',	50,	'2018-09-06 00:56:14',	'2018-09-06 00:56:14'),
(49,	'Federica',	'Savio',	'fedesavio69@gmail.com',	'3204304207',	51,	'2018-09-06 11:25:22',	'2018-09-06 11:25:22'),
(50,	'Stelvio',	'Zarpellon',	'stelvio.zarpellon@gmail.com',	'3484094553',	52,	'2018-09-06 18:15:15',	'2018-09-06 18:15:15'),
(51,	'Roberto',	'Pellizzari',	'roberto.pellix@gmail.com',	'3404962343',	53,	'2018-09-07 10:53:58',	'2018-09-07 10:53:58'),
(52,	'Luca',	'Maffei',	'komaff@gmail.com',	'3773089952',	54,	'2018-09-08 18:20:25',	'2018-09-08 18:20:25'),
(53,	'Giulia',	'Vanzo',	'Vanzo.giulia@gmail.com',	'3493267509',	55,	'2019-08-22 10:22:01',	'2019-08-22 10:22:01'),
(54,	'Chiara',	'Ceccon',	'chiaraceccon1999@gmail.com',	'3311308981',	56,	'2019-08-24 12:05:12',	'2019-08-24 12:05:12'),
(55,	'Irene',	'Ferrazzi',	'ireferrazzi.if@gmail.com',	'3421675280',	57,	'2019-08-25 15:40:59',	'2019-08-25 15:40:59'),
(56,	'Daniela',	'Mercandelli',	'mercandelli83@gmail.com',	'3406143286',	58,	'2019-08-30 15:48:00',	'2019-08-30 15:48:00'),
(57,	'Claudio',	'Battaglia',	'boa1987@gmail.com',	'3487769619',	60,	'2019-09-01 12:07:17',	'2019-09-01 12:07:17'),
(58,	'Federica',	'Battocchio',	'hellishrustle@gmail.com',	'3280987959',	61,	'2019-09-02 09:26:12',	'2019-09-02 09:26:12'),
(59,	'Silvio',	'Borso',	'silvio.borso@gmail.com',	'3346563897',	62,	'2019-09-03 08:17:54',	'2019-09-03 08:17:54'),
(60,	'Mario',	'Schirato',	'rioma1428@gmail.com',	'3200830753',	63,	'2019-09-03 14:50:37',	'2019-09-03 14:50:37'),
(61,	'Giuliano',	'Pavanello',	'pavanellosrl@gmail.com',	'3351001956',	64,	'2019-09-04 10:37:44',	'2019-09-04 10:37:44'),
(62,	'Liam',	'Voltolini',	'liamvolto@gmail.com',	'3280836365',	65,	'2019-09-04 12:09:36',	'2019-09-04 12:09:36'),
(63,	'Lara',	'Malaguti',	'geomlara@yahoo.it',	'+393479886356',	66,	'2019-09-05 06:28:44',	'2019-09-05 06:28:44'),
(64,	'Gino',	'Paoli',	'jacofda@gmail.com',	'3421967852',	81,	'2022-08-26 21:25:34',	'2022-08-26 21:25:34'),
(65,	'Veronica',	'Burlon',	'burlon.veronica@gmail.com',	'3479543393',	83,	'2022-08-27 16:13:39',	'2022-08-27 16:13:39'),
(66,	'Egle',	'Tonin',	'egle.tonin@gmail.com',	'+3903534092753',	84,	'2022-08-28 20:43:40',	'2022-08-28 20:43:40'),
(67,	'Michelina',	'Violo',	'micviona@gmail.com',	'+393937767306',	85,	'2022-08-29 06:43:40',	'2022-08-29 06:43:40'),
(68,	'Mauro',	'Carriero',	'mauro.carriero@alice.it',	'+393483841000',	86,	'2022-08-29 08:11:53',	'2022-08-29 08:11:53'),
(69,	'Denis',	'Stefani',	'info@fattoriapiovega.it',	'3381199810',	87,	'2022-08-29 11:57:56',	'2022-08-29 11:57:56'),
(70,	'Roberta',	'Serafini',	'serafiniroberta@gmail.com',	'3282153258',	88,	'2022-08-31 08:40:23',	'2022-08-31 08:40:23'),
(71,	'Sabrina',	'Margon',	'sabrina.margon@gmail.com',	'3485990345',	89,	'2022-08-31 09:09:40',	'2022-08-31 09:09:40'),
(72,	'Silvia',	'Gaiotto',	'silvia_sweet14@hotmail.it',	'3381218346',	90,	'2022-08-31 17:25:09',	'2022-08-31 17:25:09'),
(73,	'Mauro',	'Pallaoro',	'mauroppiu@gmail.com',	'3475040633',	91,	'2022-09-02 18:14:28',	'2022-09-02 18:14:28'),
(74,	'Eleonora',	'Grando',	'eleonoragrando@gmail.com',	'3451605282',	92,	'2022-09-03 13:49:27',	'2022-09-03 13:49:27'),
(75,	'Francesca',	'Filippin',	'fra_stra1977@hotmail.it',	'3394843196',	94,	'2022-09-04 08:02:09',	'2022-09-04 08:02:09'),
(76,	'Alberto',	'Despini',	'konfine@gmail.com',	'3333069313',	96,	'2022-09-04 18:20:01',	'2022-09-04 18:20:01'),
(77,	'Lara luce',	'Mastel',	'esempio13@icloud.com',	'3283382503',	97,	'2022-09-04 19:10:36',	'2022-09-04 19:10:36'),
(78,	'Gianni',	'De rossi',	'gianniderossi.tv@libero.it',	'3490816616',	98,	'2022-09-05 05:39:43',	'2022-09-05 05:39:43'),
(79,	'Giovanna',	'Stefani',	'info@dandyadv.com',	'+393381236196',	99,	'2022-09-05 08:05:27',	'2022-09-05 08:05:27'),
(80,	'Sandro',	'Mores',	'ash_782@alice.it',	'3284542944',	101,	'2022-09-06 08:00:04',	'2022-09-06 08:00:04'),
(81,	'Erika',	'Caregnato',	'caregnatoerika@gmail.com',	'3332033051',	102,	'2022-09-06 15:28:54',	'2022-09-06 15:28:54'),
(82,	'Manuel',	'Sandri',	'supermomu@yahoo.it',	'3407039714',	103,	'2022-09-06 16:07:23',	'2022-09-06 16:07:23'),
(83,	'Stefano',	'Minetto',	'sminet@hotmail.it',	'3408023826',	104,	'2022-09-07 10:14:09',	'2022-09-07 10:14:09'),
(84,	'Matteo',	'Dall’agnol',	'dallagnolteo@gmail.com',	'3452112865',	105,	'2022-09-07 13:16:23',	'2022-09-07 13:16:23'),
(85,	'Angelo',	'Locritani',	'angelo.locritani@gmail.com',	'3477984983',	106,	'2022-09-07 17:29:14',	'2022-09-07 17:29:14'),
(86,	'Saeah',	'Haigh',	'Sarah_Haigh@yahoo.co.uk',	'3294769462',	107,	'2022-09-07 17:32:23',	'2022-09-07 17:32:23'),
(87,	'Stefano',	'Vieceli',	'stefanovieceli@outlook.it',	'3405219888',	109,	'2022-09-07 17:57:57',	'2022-09-07 17:57:57'),
(88,	'Mazzocchi',	'Josè maria',	'mazzocchijosemaria@gmail.com',	'3452701622',	110,	'2022-09-07 18:03:01',	'2022-09-07 18:03:01'),
(89,	'Valentina',	'Segnana',	'valentinasegnana.86@gmail.com',	'3484653062',	111,	'2022-09-08 05:07:04',	'2022-09-08 05:07:04'),
(90,	'Cecilia',	'Fontana',	'cecilia.82@live.it',	'3332717808',	112,	'2022-09-08 05:16:22',	'2022-09-08 05:16:22'),
(91,	'Devis',	'Maddalozzo',	'devis.maddalozzo@gmail.com',	'3292120290',	113,	'2022-09-08 07:20:43',	'2022-09-08 07:20:43'),
(92,	'Davide',	'Zambello',	'zambe8coin@gmail.com',	'3208495548',	114,	'2022-09-08 08:02:09',	'2022-09-08 08:02:09'),
(93,	'Alessio',	'Nosiglia',	'alessio_nos83@yahoo.it',	'3248975086',	115,	'2022-09-08 08:25:48',	'2022-09-08 08:25:48'),
(94,	'Sara',	'Pradel',	'pradelsara@gmail.com',	'3470195345',	116,	'2022-09-08 11:32:19',	'2022-09-08 11:32:19'),
(95,	'Morena',	'Fantin',	'morenafantin@yahoo.com',	'3493959505',	117,	'2022-09-09 19:01:22',	'2022-09-09 19:01:22'),
(96,	'Benedetta',	'Gambaretto',	'feaily496@gmail.com',	'349 684 8109',	118,	'2022-09-10 10:37:44',	'2022-09-10 10:37:44'),
(97,	'Loredana',	'Zannoni',	'loredanazannoni@libeto.it',	'3487634170',	119,	'2022-09-10 16:33:44',	'2022-09-10 16:33:44'),
(98,	'Eleonora',	'Pasquazzo',	'eleonora_pasquazzo@yahoo.it',	'3403827471',	120,	'2022-09-10 17:23:05',	'2022-09-10 17:23:05'),
(99,	'Rachele',	'Cotroneo',	'rakele1422@gmail.com',	'3426629450',	121,	'2022-09-10 23:35:37',	'2022-09-10 23:35:37');

DROP TABLE IF EXISTS `responses`;
CREATE TABLE `responses` (
  `id` int(4) NOT NULL AUTO_INCREMENT,
  `decline_code` varchar(191) DEFAULT NULL,
  `description` text DEFAULT NULL,
  PRIMARY KEY (`id`)
) ENGINE=InnoDB DEFAULT CHARSET=utf8mb4 COLLATE=utf8mb4_unicode_ci;

INSERT INTO `responses` (`id`, `decline_code`, `description`) VALUES
(1,	'approve_with_id',	'Il pagamento non può essere autorizzato.'),
(2,	'call_issuer',	'La carta è stata rifiutata per un motivo sconosciuto.'),
(3,	'card_not_supported',	'La carta non supporta questo tipo di acquisto.'),
(4,	'card_velocity_exceeded',	'Il cliente ha superato il saldo o il limite di credito disponibile sulla sua carta.'),
(5,	'currency_not_supported',	'La carta non supporta la valuta specificata.'),
(6,	'do_not_honor',	'La carta è stata rifiutata per un motivo sconosciuto.'),
(7,	'do_not_try_again',	'La carta è stata rifiutata per un motivo sconosciuto.'),
(8,	'duplicate_transaction',	'Una transazione con lo stesso importo e le informazioni della carta di credito sono state inviate molto recentemente.'),
(9,	'expired_card',	'La carta è scaduta.'),
(10,	'fraudulent',	'Il pagamento è stato rifiutato perché Stripe sospetta che sia fraudolento.'),
(11,	'generic_decline',	'La carta è stata rifiutata per un motivo sconosciuto.'),
(12,	'incorrect_number',	'Il numero della carta non è corretto.'),
(13,	'incorrect_cvc',	'Il codice di sicurezza (CVC) della tua carta non è corretto.'),
(14,	'incorrect_pin',	'Il PIN inserito non è corretto. Questo codice declino si applica solo ai pagamenti effettuati con un lettore di schede.'),
(15,	'incorrect_zip',	'Il codice postale / postale non è corretto.'),
(16,	'insufficient_funds',	'La carta non ha fondi sufficienti per completare l\'acquisto.'),
(17,	'invalid_account',	'La carta o l\'account a cui è connessa la carta non è valida.'),
(18,	'invalid_amount',	'L\'importo del pagamento non è valido o supera l\'importo consentito.'),
(19,	'invalid_cvc',	'Il numero CVC non è corretto.'),
(20,	'invalid_expiry_year',	'Anno di scadenza non valido.'),
(21,	'invalid_number',	'Il numero della carta non è corretto.'),
(22,	'invalid_pin',	'Il PIN inserito non è corretto Questo codice declino si applica solo ai pagamenti effettuati con un lettore di schede.'),
(23,	'issuer_not_available',	'Impossibile raggiungere l\'emittente della carta, quindi il pagamento non può essere autorizzato.'),
(24,	'lost_card',	'Il pagamento è stato rifiutato perché la carta è stata dichiarata persa.'),
(25,	'merchant_blacklist',	'Il pagamento è stato rifiutato perché corrisponde a un valore nella blocklist dell\'utente Stripe.'),
(26,	'new_account_information_available',	'La carta o account a cui è connessa la carta non è valida.'),
(27,	'no_action_taken',	'La carta è stata rifiutata per un motivo sconosciuto.'),
(28,	'not_permitted',	'Il pagamento non è consentito.'),
(29,	'pickup_card',	'La carta non può essere utilizzata per effettuare questo pagamento (è possibile che sia stato segnalato perso o rubato).'),
(30,	'pin_try_exceeded',	'Il numero consentito di tentativi PIN è stato superato.'),
(31,	'processing_error',	'Si è verificato un errore durante l\'elaborazione della carta.'),
(32,	'reenter_transaction',	'Il pagamento non può essere elaborato dall\'emittente per un motivo sconosciuto.'),
(33,	'restricted_card',	'La carta non può essere utilizzata per effettuare questo pagamento (è possibile che sia stato segnalato perso o rubato).'),
(34,	'revocation_of_all_authorizations',	'La carta è stata rifiutata per un motivo sconosciuto.'),
(35,	'revocation_of_authorization',	'La carta è stata rifiutata per un motivo sconosciuto.'),
(36,	'security_violation',	'La scheda è stata rifiutata per un motivo sconosciuto.'),
(37,	'service_not_allowed',	'La carta è stata rifiutata per un motivo sconosciuto.'),
(38,	'stolen_card',	'Il pagamento è stato rifiutato perché la carta è stata denunciata.'),
(39,	'stop_payment_order',	'La carta è stata rifiutata per un motivo sconosciuto.'),
(40,	'testmode_decline',	'È stato utilizzato un numero di carta di prova Stripe.'),
(41,	'transaction_not_allowed',	'La carta è stata rifiutata per un motivo sconosciuto.'),
(42,	'try_again_later',	'La carta è stata rifiutata per un motivo sconosciuto.'),
(43,	'withdraw_count_limit_exceeded',	'Il cliente ha superato il saldo o il limite di credito disponibile sulla sua carta.'),
(44,	'card_declined',	'La tua carta è stata rifiutata.'),
(45,	'incomplete_number',	'I dati della carta non sono completi');

DROP TABLE IF EXISTS `roles`;
CREATE TABLE `roles` (
  `id` int(10) unsigned NOT NULL AUTO_INCREMENT,
  `name` varchar(191) NOT NULL,
  `slug` varchar(191) NOT NULL,
  `created_at` timestamp NULL DEFAULT NULL,
  `updated_at` timestamp NULL DEFAULT NULL,
  PRIMARY KEY (`id`),
  UNIQUE KEY `roles_slug_unique` (`slug`)
) ENGINE=InnoDB DEFAULT CHARSET=utf8mb4 COLLATE=utf8mb4_unicode_ci;

INSERT INTO `roles` (`id`, `name`, `slug`, `created_at`, `updated_at`) VALUES
(1,	'admin',	'admin',	'2017-04-28 08:21:59',	'2017-04-28 08:21:59'),
(2,	'auth',	'auth',	'2017-04-28 08:21:59',	'2017-04-28 08:21:59');

DROP TABLE IF EXISTS `role_user`;
CREATE TABLE `role_user` (
  `id` int(10) unsigned NOT NULL AUTO_INCREMENT,
  `role_id` int(10) unsigned NOT NULL,
  `user_id` int(10) unsigned NOT NULL,
  `created_at` timestamp NULL DEFAULT NULL,
  `updated_at` timestamp NULL DEFAULT NULL,
  PRIMARY KEY (`id`),
  KEY `role_user_role_id_index` (`role_id`),
  KEY `role_user_user_id_index` (`user_id`),
  CONSTRAINT `role_user_role_id_foreign` FOREIGN KEY (`role_id`) REFERENCES `roles` (`id`) ON DELETE CASCADE,
  CONSTRAINT `role_user_user_id_foreign` FOREIGN KEY (`user_id`) REFERENCES `users` (`id`) ON DELETE CASCADE
) ENGINE=InnoDB DEFAULT CHARSET=utf8mb4 COLLATE=utf8mb4_unicode_ci;

INSERT INTO `role_user` (`id`, `role_id`, `user_id`, `created_at`, `updated_at`) VALUES
(1,	1,	1,	'2017-04-28 08:21:59',	'2017-04-28 08:21:59');

DROP TABLE IF EXISTS `sectorables`;
CREATE TABLE `sectorables` (
  `id` int(10) NOT NULL AUTO_INCREMENT,
  `sector_id` int(11) NOT NULL,
  `sectorable_id` int(11) NOT NULL,
  `sectorable_type` varchar(191) NOT NULL,
  PRIMARY KEY (`id`)
) ENGINE=InnoDB DEFAULT CHARSET=utf8mb4 COLLATE=utf8mb4_unicode_ci;

INSERT INTO `sectorables` (`id`, `sector_id`, `sectorable_id`, `sectorable_type`) VALUES
(1,	1,	2,	'App\\Event'),
(4,	2,	1,	'App\\Gallery'),
(5,	2,	2,	'App\\Gallery'),
(6,	2,	3,	'App\\Gallery'),
(7,	1,	4,	'App\\Gallery'),
(8,	1,	5,	'App\\Gallery'),
(9,	1,	6,	'App\\Gallery'),
(10,	2,	1,	'App\\Article'),
(16,	2,	3,	'App\\Article'),
(17,	2,	4,	'App\\Article'),
(18,	2,	5,	'App\\Article'),
(19,	2,	6,	'App\\Article'),
(20,	2,	2,	'App\\Article'),
(21,	2,	7,	'App\\Article'),
(22,	2,	8,	'App\\Article'),
(23,	2,	9,	'App\\Article'),
(24,	2,	10,	'App\\Article'),
(25,	2,	11,	'App\\Article'),
(26,	2,	12,	'App\\Article'),
(27,	2,	13,	'App\\Article'),
(28,	2,	14,	'App\\Article'),
(29,	2,	15,	'App\\Article'),
(30,	2,	16,	'App\\Article'),
(31,	2,	17,	'App\\Article'),
(32,	2,	18,	'App\\Article'),
(33,	2,	19,	'App\\Article'),
(34,	2,	20,	'App\\Article'),
(35,	2,	21,	'App\\Article'),
(36,	2,	22,	'App\\Article'),
(37,	2,	23,	'App\\Article'),
(38,	2,	24,	'App\\Article'),
(39,	2,	25,	'App\\Article'),
(40,	2,	26,	'App\\Article'),
(41,	2,	27,	'App\\Article'),
(42,	2,	28,	'App\\Article'),
(43,	2,	29,	'App\\Article'),
(44,	2,	30,	'App\\Article'),
(46,	1,	31,	'App\\Article'),
(47,	2,	1,	'App\\Video'),
(48,	2,	2,	'App\\Video'),
(49,	2,	2,	'App\\Video'),
(50,	2,	1,	'App\\Video'),
(51,	2,	3,	'App\\Video'),
(52,	2,	4,	'App\\Video'),
(53,	2,	5,	'App\\Video'),
(54,	2,	6,	'App\\Video'),
(55,	2,	7,	'App\\Video'),
(56,	2,	8,	'App\\Video'),
(58,	1,	3,	'App\\Event'),
(59,	2,	4,	'App\\Event'),
(60,	1,	5,	'App\\Event'),
(61,	2,	32,	'App\\Article'),
(62,	2,	33,	'App\\Article'),
(63,	2,	34,	'App\\Article'),
(64,	1,	6,	'App\\Event'),
(65,	1,	7,	'App\\Gallery'),
(66,	1,	8,	'App\\Gallery'),
(67,	1,	7,	'App\\Event'),
(68,	1,	8,	'App\\Event'),
(69,	2,	9,	'App\\Event'),
(70,	2,	35,	'App\\Article'),
(71,	2,	36,	'App\\Article'),
(72,	2,	37,	'App\\Article'),
(73,	2,	38,	'App\\Article'),
(74,	2,	39,	'App\\Article'),
(75,	2,	40,	'App\\Article'),
(76,	2,	41,	'App\\Article'),
(77,	2,	42,	'App\\Article'),
(78,	2,	43,	'App\\Article'),
(79,	2,	44,	'App\\Article'),
(80,	2,	45,	'App\\Article'),
(81,	2,	46,	'App\\Article'),
(82,	2,	47,	'App\\Article'),
(83,	2,	48,	'App\\Article'),
(84,	2,	49,	'App\\Article'),
(85,	2,	50,	'App\\Article'),
(86,	2,	51,	'App\\Article'),
(87,	2,	52,	'App\\Article'),
(88,	2,	53,	'App\\Article'),
(89,	2,	54,	'App\\Article'),
(90,	2,	55,	'App\\Article'),
(91,	2,	56,	'App\\Article'),
(92,	2,	57,	'App\\Article'),
(93,	1,	10,	'App\\Event'),
(94,	2,	11,	'App\\Event'),
(95,	2,	58,	'App\\Article'),
(96,	2,	59,	'App\\Article'),
(97,	2,	60,	'App\\Article'),
(98,	2,	61,	'App\\Article'),
(99,	2,	62,	'App\\Article'),
(100,	2,	63,	'App\\Article'),
(101,	2,	64,	'App\\Article'),
(102,	2,	65,	'App\\Article'),
(103,	2,	66,	'App\\Article'),
(104,	2,	67,	'App\\Article'),
(105,	2,	68,	'App\\Article'),
(106,	2,	69,	'App\\Article'),
(107,	2,	70,	'App\\Article'),
(108,	2,	71,	'App\\Article'),
(109,	2,	72,	'App\\Article'),
(110,	1,	12,	'App\\Event'),
(111,	1,	13,	'App\\Event'),
(112,	1,	14,	'App\\Event'),
(113,	2,	15,	'App\\Event'),
(114,	1,	16,	'App\\Event');

DROP TABLE IF EXISTS `sectors`;
CREATE TABLE `sectors` (
  `id` int(10) unsigned NOT NULL AUTO_INCREMENT,
  `name` varchar(191) NOT NULL,
  `slug` varchar(191) NOT NULL,
  `description` varchar(191) NOT NULL,
  PRIMARY KEY (`id`)
) ENGINE=InnoDB DEFAULT CHARSET=utf8mb4 COLLATE=utf8mb4_unicode_ci;

INSERT INTO `sectors` (`id`, `name`, `slug`, `description`) VALUES
(1,	'Tagliata Della Scala',	'associazione',	'Associazione Storica Culturale che promuove il territorio di Primolano Fastro Cismon e Arsiè'),
(2,	'Scala dei Sapori',	'scala-dei-sapori',	'La Scala dei Sapori è una passeggiata gastronomica di prodotti e ricette locali lungo la Scala di Primolano fino a Fastro');

DROP TABLE IF EXISTS `taggables`;
CREATE TABLE `taggables` (
  `id` int(10) NOT NULL AUTO_INCREMENT,
  `tag_id` int(11) NOT NULL,
  `taggable_id` int(11) NOT NULL,
  `taggable_type` varchar(191) NOT NULL,
  PRIMARY KEY (`id`)
) ENGINE=InnoDB DEFAULT CHARSET=utf8mb4 COLLATE=utf8mb4_unicode_ci;

INSERT INTO `taggables` (`id`, `tag_id`, `taggable_id`, `taggable_type`) VALUES
(1,	3,	2,	'App\\Event'),
(2,	11,	2,	'App\\Event'),
(6,	13,	1,	'App\\Gallery'),
(7,	14,	2,	'App\\Gallery'),
(8,	4,	3,	'App\\Gallery'),
(9,	6,	4,	'App\\Gallery'),
(10,	6,	5,	'App\\Gallery'),
(11,	6,	6,	'App\\Gallery'),
(18,	13,	1,	'App\\Article'),
(19,	13,	2,	'App\\Article'),
(20,	13,	3,	'App\\Article'),
(21,	13,	4,	'App\\Article'),
(22,	14,	5,	'App\\Article'),
(23,	14,	6,	'App\\Article'),
(26,	14,	7,	'App\\Article'),
(27,	14,	8,	'App\\Article'),
(28,	14,	9,	'App\\Article'),
(29,	14,	10,	'App\\Article'),
(30,	14,	11,	'App\\Article'),
(31,	14,	12,	'App\\Article'),
(32,	14,	13,	'App\\Article'),
(33,	14,	14,	'App\\Article'),
(34,	14,	15,	'App\\Article'),
(35,	14,	16,	'App\\Article'),
(36,	14,	17,	'App\\Article'),
(37,	14,	18,	'App\\Article'),
(38,	14,	19,	'App\\Article'),
(39,	14,	20,	'App\\Article'),
(40,	14,	21,	'App\\Article'),
(41,	14,	22,	'App\\Article'),
(42,	14,	23,	'App\\Article'),
(43,	14,	24,	'App\\Article'),
(44,	14,	25,	'App\\Article'),
(45,	14,	26,	'App\\Article'),
(46,	14,	27,	'App\\Article'),
(47,	14,	28,	'App\\Article'),
(48,	14,	29,	'App\\Article'),
(49,	14,	30,	'App\\Article'),
(50,	16,	3,	'App\\Gallery'),
(51,	9,	31,	'App\\Article'),
(52,	11,	31,	'App\\Article'),
(55,	16,	2,	'App\\Video'),
(56,	16,	1,	'App\\Video'),
(57,	13,	3,	'App\\Video'),
(58,	13,	4,	'App\\Video'),
(59,	13,	5,	'App\\Video'),
(60,	13,	6,	'App\\Video'),
(61,	13,	7,	'App\\Video'),
(62,	13,	8,	'App\\Video'),
(64,	5,	3,	'App\\Event'),
(65,	11,	3,	'App\\Event'),
(66,	15,	4,	'App\\Event'),
(67,	1,	5,	'App\\Event'),
(68,	9,	5,	'App\\Event'),
(69,	15,	32,	'App\\Article'),
(70,	15,	33,	'App\\Article'),
(71,	15,	34,	'App\\Article'),
(72,	18,	6,	'App\\Event'),
(73,	1,	7,	'App\\Gallery'),
(74,	11,	8,	'App\\Gallery'),
(75,	3,	7,	'App\\Event'),
(76,	18,	7,	'App\\Event'),
(77,	12,	7,	'App\\Event'),
(78,	11,	8,	'App\\Event'),
(79,	19,	9,	'App\\Event'),
(80,	19,	35,	'App\\Article'),
(81,	19,	36,	'App\\Article'),
(82,	19,	37,	'App\\Article'),
(83,	19,	38,	'App\\Article'),
(84,	1,	39,	'App\\Article'),
(85,	19,	39,	'App\\Article'),
(86,	19,	40,	'App\\Article'),
(87,	3,	41,	'App\\Article'),
(88,	19,	41,	'App\\Article'),
(89,	1,	42,	'App\\Article'),
(90,	3,	42,	'App\\Article'),
(91,	19,	42,	'App\\Article'),
(92,	3,	43,	'App\\Article'),
(93,	19,	43,	'App\\Article'),
(94,	19,	44,	'App\\Article'),
(95,	19,	45,	'App\\Article'),
(96,	19,	46,	'App\\Article'),
(97,	3,	47,	'App\\Article'),
(98,	19,	47,	'App\\Article'),
(99,	1,	48,	'App\\Article'),
(100,	19,	48,	'App\\Article'),
(101,	5,	49,	'App\\Article'),
(102,	19,	49,	'App\\Article'),
(103,	1,	50,	'App\\Article'),
(104,	3,	50,	'App\\Article'),
(105,	19,	50,	'App\\Article'),
(106,	12,	50,	'App\\Article'),
(107,	3,	51,	'App\\Article'),
(108,	19,	51,	'App\\Article'),
(109,	19,	52,	'App\\Article'),
(110,	19,	53,	'App\\Article'),
(111,	19,	54,	'App\\Article'),
(112,	19,	55,	'App\\Article'),
(113,	19,	56,	'App\\Article'),
(114,	11,	57,	'App\\Article'),
(115,	19,	57,	'App\\Article'),
(116,	3,	10,	'App\\Event'),
(117,	20,	11,	'App\\Event'),
(118,	23,	58,	'App\\Article'),
(119,	20,	58,	'App\\Article'),
(120,	23,	59,	'App\\Article'),
(121,	20,	59,	'App\\Article'),
(122,	23,	60,	'App\\Article'),
(123,	20,	60,	'App\\Article'),
(124,	23,	61,	'App\\Article'),
(125,	20,	61,	'App\\Article'),
(126,	23,	62,	'App\\Article'),
(127,	20,	62,	'App\\Article'),
(128,	23,	63,	'App\\Article'),
(129,	20,	63,	'App\\Article'),
(130,	23,	64,	'App\\Article'),
(131,	20,	64,	'App\\Article'),
(132,	23,	65,	'App\\Article'),
(133,	20,	65,	'App\\Article'),
(134,	20,	66,	'App\\Article'),
(135,	21,	66,	'App\\Article'),
(136,	20,	67,	'App\\Article'),
(137,	21,	67,	'App\\Article'),
(138,	20,	68,	'App\\Article'),
(139,	21,	68,	'App\\Article'),
(140,	20,	69,	'App\\Article'),
(141,	21,	69,	'App\\Article'),
(142,	20,	70,	'App\\Article'),
(143,	21,	70,	'App\\Article'),
(144,	20,	71,	'App\\Article'),
(145,	21,	71,	'App\\Article'),
(146,	20,	72,	'App\\Article'),
(147,	21,	72,	'App\\Article'),
(148,	18,	12,	'App\\Event'),
(149,	3,	13,	'App\\Event'),
(150,	10,	13,	'App\\Event'),
(151,	18,	14,	'App\\Event'),
(152,	24,	15,	'App\\Event'),
(153,	5,	16,	'App\\Event'),
(154,	12,	16,	'App\\Event');

DROP TABLE IF EXISTS `tags`;
CREATE TABLE `tags` (
  `id` int(10) unsigned NOT NULL AUTO_INCREMENT,
  `name` varchar(191) NOT NULL,
  `slug` varchar(191) NOT NULL,
  `description` text NOT NULL,
  `created_at` timestamp NULL DEFAULT NULL,
  `updated_at` timestamp NULL DEFAULT NULL,
  PRIMARY KEY (`id`)
) ENGINE=InnoDB DEFAULT CHARSET=utf8mb4 COLLATE=utf8mb4_unicode_ci;

INSERT INTO `tags` (`id`, `name`, `slug`, `description`, `created_at`, `updated_at`) VALUES
(1,	'Artisti',	'artisti',	'Tag degli artisti',	'2017-04-28 08:21:59',	'2017-04-29 05:44:04'),
(3,	'Cultura',	'cultura',	'',	'2017-04-28 08:21:59',	'2017-04-28 08:21:59'),
(5,	'Fortificazioni',	'fortificazioni',	'',	'2017-04-28 08:21:59',	'2017-04-28 08:21:59'),
(6,	'Gite ed Escursioni',	'gite-ed-escursioni',	'',	'2017-04-28 08:21:59',	'2017-04-28 08:21:59'),
(9,	'Serate',	'serate',	'',	'2017-04-28 08:21:59',	'2017-04-28 08:21:59'),
(10,	'Sport',	'sport',	'',	'2017-04-28 08:21:59',	'2017-04-28 08:21:59'),
(11,	'Musica e Concerti',	'musica-e-concerti',	'',	'2017-04-28 08:21:59',	'2017-04-28 08:21:59'),
(12,	'Storia',	'storia',	'',	'2017-04-28 08:21:59',	'2017-04-28 08:21:59'),
(13,	'Scala dei Sapori 2015',	'scala-dei-sapori-2015',	'',	'2017-04-28 08:21:59',	'2017-04-28 08:21:59'),
(14,	'Scala dei Sapori 2016',	'scala-dei-sapori-2016',	'',	'2017-04-28 08:21:59',	'2017-04-28 08:21:59'),
(15,	'Scala dei Sapori 2017',	'scala-dei-sapori-2017',	'',	'2017-04-28 08:21:59',	'2017-04-28 08:21:59'),
(16,	'Scala dei Sapori 2014',	'scala-dei-sapori-2014',	'',	'2017-04-30 21:00:00',	'2017-04-30 21:00:00'),
(17,	'Scala dei Sapori 2013',	'scala-dei-sapori-2013',	'',	'2017-04-30 23:00:00',	'2017-04-30 23:00:00'),
(18,	'Feste di Paese',	'feste-di-paese',	'Feste di paese a Primolano e dintorni, per tenere unita la nostra comunità e dare valore al nostro territorio',	'2017-10-30 11:12:06',	'2017-10-30 11:12:06'),
(19,	'Scala dei Sapori 2018',	'scala-dei-sapori-2018',	'Ottava edizione',	'2018-08-10 14:05:18',	'2018-08-10 14:05:18'),
(20,	'Scala Dei Sapori 2019',	'scala-dei-sapori-2019',	'8 settembre 2019 - Nona Edizione della Scala dei Sapori: una passeggiata gastronomica alla scoperta di prodotti e ricette locali lungo l\'ottocentesca opera di sbarramento italiana',	'2019-08-14 16:23:40',	'2019-08-14 16:23:40'),
(21,	'Stand',	'stand',	'Stand gastronomici o per prodotti tipici',	'2019-08-14 16:46:14',	'2019-08-14 16:46:14'),
(23,	'Intrattenimento',	'intrattenimento',	'Musica, Attività per bambini e molto altro',	'2019-08-14 16:49:26',	'2019-08-14 16:49:26'),
(24,	'Scala Dei Sapori 2022',	'scala-dei-sapori-2022',	'Scala Dei Sapori 2022',	'2022-08-23 13:22:35',	'2022-08-23 13:22:35');

DROP TABLE IF EXISTS `tickets`;
CREATE TABLE `tickets` (
  `id` int(10) unsigned NOT NULL AUTO_INCREMENT,
  `ticket_json` varchar(255) DEFAULT NULL,
  `code` varchar(191) NOT NULL,
  `charge_response_id` varchar(191) DEFAULT NULL,
  `checked` tinyint(1) NOT NULL DEFAULT 0,
  `user_id` int(10) unsigned NOT NULL,
  `event_id` int(10) unsigned NOT NULL,
  `created_at` timestamp NULL DEFAULT NULL,
  `updated_at` timestamp NULL DEFAULT NULL,
  PRIMARY KEY (`id`),
  KEY `tickets_user_id_index` (`user_id`),
  KEY `tickets_event_id_index` (`event_id`),
  CONSTRAINT `tickets_event_id_foreign` FOREIGN KEY (`event_id`) REFERENCES `events` (`id`) ON DELETE CASCADE,
  CONSTRAINT `tickets_user_id_foreign` FOREIGN KEY (`user_id`) REFERENCES `users` (`id`) ON DELETE CASCADE
) ENGINE=InnoDB DEFAULT CHARSET=utf8mb4 COLLATE=utf8mb4_unicode_ci;

INSERT INTO `tickets` (`id`, `ticket_json`, `code`, `charge_response_id`, `checked`, `user_id`, `event_id`, `created_at`, `updated_at`) VALUES
(1,	'{\"Intero\":\"2\"}',	'596fb528029af',	'ch_1AhNzuDDtP3WPi9fu0cY81OQ',	0,	3,	4,	'2017-07-20 01:38:16',	'2017-07-20 01:38:16'),
(2,	'{\"Intero\":\"2\"}',	'59a6eb024ca2f',	'ch_1AwZH1DDtP3WPi9fsEogAKdO',	0,	10,	4,	'2017-08-30 22:42:42',	'2017-08-30 22:42:42'),
(3,	'{\"Intero\":\"1\"}',	'59a90f3141c55',	'ch_1Ax9mUDDtP3WPi9fwn5Cj6s2',	0,	13,	4,	'2017-09-01 13:41:37',	'2017-09-01 13:41:37'),
(4,	'{\"Intero\":\"5\"}',	'59a97e12a726a',	'ch_1AxHAKDDtP3WPi9fy1XxYByO',	0,	16,	4,	'2017-09-01 21:34:42',	'2017-09-01 21:34:42'),
(5,	'{\"Intero\":\"2\"}',	'59a9c14b5dbbc',	'ch_1AxLdsDDtP3WPi9fjW27J3Ex',	0,	18,	4,	'2017-09-02 02:21:31',	'2017-09-02 02:21:31'),
(6,	'{\"Intero\":\"2\"}',	'59aac0b5254d3',	'ch_1AxceUDDtP3WPi9fvlL5h9nf',	0,	20,	4,	'2017-09-02 20:31:17',	'2017-09-02 20:31:17'),
(7,	'{\"Intero\":\"2\"}',	'59aafeb27809a',	'ch_1AxgmRDDtP3WPi9fDbMP5tm2',	0,	21,	4,	'2017-09-03 00:55:46',	'2017-09-03 00:55:46'),
(8,	'{\"Intero\":\"1\"}',	'59ae5561a47e7',	'ch_1AybhSDDtP3WPi9fYHUMFVLs',	0,	24,	4,	'2017-09-05 13:42:25',	'2017-09-05 13:42:25'),
(9,	'{\"Intero\":\"6\"}',	'59ae90de11e3f',	'ch_1Ayff5DDtP3WPi9fj7qYeNR9',	0,	25,	4,	'2017-09-05 17:56:14',	'2017-09-05 17:56:14'),
(10,	'{\"Intero\":\"2\"}',	'59ae956709928',	'ch_1AyfxnDDtP3WPi9f8b9Cnze5',	0,	27,	4,	'2017-09-05 18:15:35',	'2017-09-05 18:15:35'),
(11,	'{\"Intero\":\"3\"}',	'59afb6c6be57d',	'ch_1AyzEeDDtP3WPi9fMi5OcPRJ',	0,	29,	4,	'2017-09-06 14:50:14',	'2017-09-06 14:50:14'),
(12,	'{\"Intero\":\"2\"}',	'59afba895c4fb',	'ch_1AyzUADDtP3WPi9fmaCsRfr3',	0,	28,	4,	'2017-09-06 15:06:17',	'2017-09-06 15:06:17'),
(13,	'{\"Intero\":\"2\"}',	'59afcc5c39176',	'ch_1Az0fkDDtP3WPi9f5IlUmGNt',	0,	30,	4,	'2017-09-06 16:22:20',	'2017-09-06 16:22:20'),
(14,	'{\"Intero\":\"1\"}',	'59afdcf4da086',	'ch_1Az1mIDDtP3WPi9f8QdPP8wa',	0,	8,	4,	'2017-09-06 17:33:08',	'2017-09-06 17:33:08'),
(17,	'{\"Intero\":\"5\"}',	'5b733e8bea2ce',	'ch_1Cz9KoDDtP3WPi9fXn9MwvbF',	0,	34,	9,	'2018-08-15 02:41:47',	'2018-08-15 02:41:47'),
(18,	'{\"Intero\":\"2\"}',	'5b7c6d6c63a21',	'ch_1D1fteDDtP3WPi9fejJQn11E',	0,	37,	9,	'2018-08-22 01:52:12',	'2018-08-22 01:52:12'),
(19,	'{\"Intero\":\"2\"}',	'5b842c1f96660',	'ch_1D3nwHDDtP3WPi9fNjyzU0av',	0,	39,	9,	'2018-08-27 22:51:43',	'2018-08-27 22:51:43'),
(20,	'{\"Intero\":\"2\"}',	'5b87264cc2806',	'ch_1D4chKDDtP3WPi9f6meMrIMf',	0,	40,	9,	'2018-08-30 05:03:40',	'2018-08-30 05:03:40'),
(21,	'{\"Intero\":\"6\"}',	'5b88431c701b9',	'ch_1D4vfJDDtP3WPi9fW1p2e5Uy',	0,	43,	9,	'2018-08-31 01:18:52',	'2018-08-31 01:18:52'),
(22,	'{\"Intero\":\"5\"}',	'5b8ea7ba67eb7',	'ch_1D6geyDDtP3WPi9fL4kWzAEq',	0,	45,	9,	'2018-09-04 21:41:46',	'2018-09-04 21:41:46'),
(23,	'{\"Intero\":\"2\"}',	'5b8fb3531feed',	'ch_1D6yTtDDtP3WPi9fhDdynR70',	0,	47,	9,	'2018-09-05 16:43:31',	'2018-09-05 16:43:31'),
(24,	'{\"Intero\":\"2\"}',	'5b9027d633606',	'ch_1D76EyDDtP3WPi9f472HrMUu',	0,	50,	9,	'2018-09-06 01:00:38',	'2018-09-06 01:00:38'),
(25,	'{\"Intero\":\"4\"}',	'5b910b7f02ab1',	'ch_1D7LOyDDtP3WPi9frUoeek1j',	0,	49,	9,	'2018-09-06 17:11:59',	'2018-09-06 17:11:59'),
(31,	'{\"Intero\":\"8\"}',	'5d5d703f1a6e7',	'pi_1F9waJDDtP3WPi9fMHZNdoIC',	0,	34,	11,	'2019-08-21 16:24:31',	'2019-08-21 16:24:31'),
(32,	'{\"Intero\":\"4\"}',	'5d6bbcec844a5',	'pi_1FDsOLDDtP3WPi9f5bNJLWtM',	0,	60,	11,	'2019-09-01 12:43:24',	'2019-09-01 12:43:24'),
(33,	'{\"Intero\":\"7\"}',	'5d6fe1c76a590',	'pi_1FF126DDtP3WPi9fISOivQKX',	0,	44,	11,	'2019-09-04 16:09:43',	'2019-09-04 16:09:43'),
(34,	'{\"Intero\":\"2\"}',	'630529da03f30',	'pi_3La2jXDDtP3WPi9f1o8FKM6M',	0,	1,	15,	'2022-08-23 19:26:18',	'2022-08-23 19:26:18'),
(35,	'{\"Intero\":\"1\"}',	'630e1c32216d9',	'pi_3LcVGDDDtP3WPi9f1rC9m5Au',	0,	87,	15,	'2022-08-30 14:18:26',	'2022-08-30 14:18:26'),
(36,	'{\"Intero\":\"2\"}',	'630f23cdc72a1',	'pi_3LcmohDDtP3WPi9f0vcPVeTa',	0,	88,	15,	'2022-08-31 09:03:09',	'2022-08-31 09:03:09'),
(37,	'{\"Intero\":\"6\"}',	'631266dc8d517',	'pi_3LdgQXDDtP3WPi9f0mtc9V69',	0,	90,	15,	'2022-09-02 20:26:04',	'2022-09-02 20:26:04'),
(38,	'{\"Intero\":\"1\"}',	'6314eca3179be',	'pi_3LeNQxDDtP3WPi9f0S2TA8KM',	0,	96,	15,	'2022-09-04 18:21:23',	'2022-09-04 18:21:23'),
(39,	'{\"Intero\":\"2\"}',	'6315ae3a7f45a',	'pi_3LeaKhDDtP3WPi9f0tOqJNFp',	0,	99,	15,	'2022-09-05 08:07:22',	'2022-09-05 08:07:22'),
(40,	'{\"Intero\":\"4\"}',	'63162bb4c20a3',	'pi_3LeigPDDtP3WPi9f1wqkbbSe',	0,	34,	15,	'2022-09-05 17:02:44',	'2022-09-05 17:02:44'),
(41,	'{\"Intero\":\"2\"}',	'6316fec54fcb3',	'pi_3LewjzDDtP3WPi9f14ZQGlwx',	0,	101,	15,	'2022-09-06 08:03:17',	'2022-09-06 08:03:17'),
(42,	'{\"Intero\":\"4\"}',	'631767b3f186c',	'pi_3Lf3iKDDtP3WPi9f1TFM3e1t',	0,	102,	15,	'2022-09-06 15:30:59',	'2022-09-06 15:30:59'),
(43,	'{\"Intero\":\"1\"}',	'63189a88d33f7',	'pi_3LfOA7DDtP3WPi9f095Hw2Eq',	0,	50,	15,	'2022-09-07 13:20:08',	'2022-09-07 13:20:08'),
(44,	'{\"Intero\":\"2\"}',	'63189c4f79225',	'pi_3LfOH7DDtP3WPi9f1GTmmzH4',	0,	105,	15,	'2022-09-07 13:27:43',	'2022-09-07 13:27:43'),
(45,	'{\"Intero\":\"6\"}',	'63189f30196ee',	'pi_3LfOTGDDtP3WPi9f04Gh2UDH',	0,	104,	15,	'2022-09-07 13:40:00',	'2022-09-07 13:40:00'),
(46,	'{\"Intero\":\"3\"}',	'6318d5fb72d64',	'pi_3LfS7SDDtP3WPi9f0IVRQ9hj',	0,	107,	15,	'2022-09-07 17:33:47',	'2022-09-07 17:33:47'),
(47,	'{\"Intero\":\"2\"}',	'6318d7cdb3239',	'pi_3LfSEiDDtP3WPi9f1FEgGoAg',	0,	106,	15,	'2022-09-07 17:41:33',	'2022-09-07 17:41:33'),
(48,	'{\"Intero\":\"1\"}',	'6318fbb92d1b0',	'pi_3LfUdkDDtP3WPi9f0FgbnFZZ',	0,	34,	15,	'2022-09-07 20:14:49',	'2022-09-07 20:14:49'),
(49,	'{\"Intero\":\"2\"}',	'6319795490638',	'pi_3LfczBDDtP3WPi9f11oF37mm',	0,	111,	15,	'2022-09-08 05:10:44',	'2022-09-08 05:10:44'),
(50,	'{\"Intero\":\"2\"}',	'63197b158f701',	'pi_3Lfd6qDDtP3WPi9f0vJpi7YV',	0,	112,	15,	'2022-09-08 05:18:13',	'2022-09-08 05:18:13'),
(51,	'{\"Intero\":\"4\"}',	'6319a775c4b1f',	'pi_3Lfg3pDDtP3WPi9f0R2bKUoo',	0,	115,	15,	'2022-09-08 08:27:33',	'2022-09-08 08:27:33'),
(52,	'{\"Intero\":\"2\"}',	'6319d30ab7cf4',	'pi_3LfiyEDDtP3WPi9f1832FtZf',	0,	116,	15,	'2022-09-08 11:33:30',	'2022-09-08 11:33:30');

DROP TABLE IF EXISTS `users`;
CREATE TABLE `users` (
  `id` int(10) unsigned NOT NULL AUTO_INCREMENT,
  `email` varchar(191) NOT NULL,
  `password` varchar(191) NOT NULL,
  `remember_token` varchar(100) DEFAULT NULL,
  `created_at` timestamp NULL DEFAULT NULL,
  `updated_at` timestamp NULL DEFAULT NULL,
  PRIMARY KEY (`id`),
  UNIQUE KEY `users_email_unique` (`email`)
) ENGINE=InnoDB DEFAULT CHARSET=utf8mb4 COLLATE=utf8mb4_unicode_ci;

INSERT INTO `users` (`id`, `email`, `password`, `remember_token`, `created_at`, `updated_at`) VALUES
(1,	'giacomo.gasperini@gmail.com',	'$2y$10$ofuNJuIkAk9TjN1vUPFloOAFvMP6YUkLaa/ASiGEuIalidsgtuCF6',	'Z4tZRIMx6d3WGaWcitW3JF7aM78BPLn83Atp7tcPSsvxIbesIkSFnEj48Z5f',	'2017-04-28 08:21:59',	'2022-08-23 19:24:41'),
(2,	'ka.di@email.it',	'$2y$10$H/.1RhblAVCN2U6bWh3pMuJiHuZlVHsqm0H/6Vnz0cioIqvJWrt7a',	NULL,	'2017-07-20 01:27:09',	'2017-07-20 01:27:09'),
(3,	'theasterix@libero.it',	'$2y$10$3CVrz6n2PdP.pJcJ/9iSPO8JKF5XlVWYd.k6p1wIWM4idC2S/pVhy',	NULL,	'2017-07-20 01:35:57',	'2017-07-20 01:35:57'),
(4,	'monicafaedo@virgilio.it',	'$2y$10$hSMAopn.itSdXYFyAw9LMut.Cy67BOfw25Nj024fORy4P4Y9JifCe',	NULL,	'2017-08-02 02:14:55',	'2017-08-02 02:14:55'),
(5,	'albertobianco.oui@gmail.com',	'$2y$10$L6TQegT4forLIo2Gkb46ceC7PeErTy0jJyEOEVQ2E1MP81fgp4Iem',	'W7m0j2aRyR0HIz1Bu8TrAvigfcz2K8u8Q0aTwRbBw9Byfg3YRnJOHmMRAyE5',	'2017-08-03 00:51:10',	'2017-08-29 15:34:24'),
(6,	'paolo@calzinhos.com',	'$2y$10$bNXI20u0WQjTwAgUle7YcekwmUuDs8NcJ38kwb/DmGtF/qgq4OdCS',	NULL,	'2017-08-12 22:57:36',	'2017-08-12 22:57:36'),
(7,	'mircastefani@gmail.com',	'$2y$10$gpheAPzTzG6bX4HdGZsGLODU5b3lURe3N8w2DH3hPzTVArY6XMUBi',	NULL,	'2017-08-23 02:48:28',	'2017-08-23 02:48:28'),
(8,	'minuteroberto@hotmail.it',	'$2y$10$rDWoO6WzP8wAHoxWgVBD9OoQf6keYWedOT208ftjARtt11Y.hGN..',	NULL,	'2017-08-27 15:32:54',	'2017-08-27 15:32:54'),
(9,	'rosanna.faverolisa@gmail.com',	'$2y$10$Cris/DTk/wsNepjV76UVNOQD1Vp.hk3w6477c3k1lsMeHaM.txYP2',	NULL,	'2017-08-28 03:54:51',	'2017-08-28 03:54:51'),
(10,	'claudio.scavazza@gmail.com',	'$2y$10$gMdPF6h0i0SVUJV8Q7qLGupdeoZuLw85cZjSXv2C64PeQNuMfCg82',	NULL,	'2017-08-30 22:40:26',	'2017-08-30 22:40:26'),
(11,	'igr74gabrielli@gmail.com',	'$2y$10$IhRvxQIYwkgBrMDLtYWT1uQvOFRqVDYX4vpikiQlwjZaDhAV3KBTe',	NULL,	'2017-08-30 22:53:25',	'2017-08-30 22:53:25'),
(12,	'gregorio.ceccato@libero.it',	'$2y$10$OKEZy9LNxN4UFPMb70/zReqnk30aZJEzudQv6Ex2GzdOqYqnC5Axa',	NULL,	'2017-09-01 00:44:18',	'2017-09-01 00:44:18'),
(13,	'diluccini@gmail.com',	'$2y$10$ReTLjv.XPE0Ov8d9Rg4pveQaDYErfuxwdqtKV7e/m.0ywEB1sh6pq',	NULL,	'2017-09-01 13:34:48',	'2017-09-01 13:34:48'),
(14,	'checcadidos@gmail.com',	'$2y$10$/iPIDOw4olm/6CoM5nHNpOZ9V8V/FSItyYcq1rcSf7H9Hs/F0pB..',	NULL,	'2017-09-01 15:45:31',	'2017-09-01 15:45:31'),
(15,	'corradocaenaro63@gmail.com',	'$2y$10$JjkXP70fA6zJtfONRoSb2.GLjbG7toMivSN4skRexTSKm3ggG02ve',	NULL,	'2017-09-01 16:13:59',	'2017-09-01 16:13:59'),
(16,	'dstramaglia@hotmail.com',	'$2y$10$y5as8x47CsSwJF2MwiMUJuBPzOrItgv0KTLnG5M2v2qRoc8bQkOCu',	NULL,	'2017-09-01 17:04:59',	'2017-09-01 17:04:59'),
(17,	'superloris01@libero.it',	'$2y$10$B.bOKSj3jngzRP6EoL.Cdu6onN4W5bMW3TGDHqGC7Ij.XxAE67Ug.',	'BkF8jGwnulX1GRkFf7gYOgeHpv3opgWmKZvBeG21ncgJKxMB6xXtm1IzKT5e',	'2017-09-01 19:10:30',	'2017-09-01 19:10:30'),
(18,	'lilith_90@live.it',	'$2y$10$B.H9LtFM3AqLc8k/RFzF2eDE7AdBLI7Xjsnh6EndVHjfLaudcNC4G',	'GY9P0QrzhTkiFesH6aPUKavU2hF63b7aExRI2SvtgSUbfGFGzADOInuXT4kR',	'2017-09-02 01:38:41',	'2017-09-02 01:38:41'),
(19,	'levibertini@tiscali.it',	'$2y$10$YgVeNS3E.sXdHkmpGBaX2.7CrVFywW5NqfiyZvEy4wSVFIsprjbZu',	'RnAyuXobXMJNOLyu7XQRt56wQMGhTj1ArRUOxso3KZPgY0NcpMtceX1RiIto',	'2017-09-02 11:45:19',	'2019-08-18 13:15:26'),
(20,	'nickycandiotto@hotmail.com',	'$2y$10$yQwfl4neIhUCB17.nQSomuUGmUzohbqU0T.5/DZqfBJ8MR/6jc/Uu',	NULL,	'2017-09-02 20:28:29',	'2017-09-02 20:28:29'),
(21,	'tommasozanocco@gmail.com',	'$2y$10$jj7Br1zeNpQi2yZpBGxXh.nLtWzeIMZtscSQwhd0Imj/QXr/MgPre',	NULL,	'2017-09-03 00:52:54',	'2017-09-03 00:52:54'),
(22,	'gianni8bak@gmail.com',	'$2y$10$7ajLQkiKlbYdjlCjaCZkq.uAbQTWxZWL.fQ2DtpV6MK9ccsAuTXK6',	NULL,	'2017-09-03 14:58:01',	'2017-09-03 14:58:01'),
(23,	'dridri.bontorin@gmail.com',	'$2y$10$9j5hKcux.p/izEXQh8nyXuqtt.kF0DdRJygNuzlOgIcZqppglvxea',	NULL,	'2017-09-04 23:03:59',	'2017-09-04 23:03:59'),
(24,	'saint@eng.it',	'$2y$10$pL60CXWmeDGcXc2lraPeCOJPnyjcS85iKtpShCHMER1.Xe2OP.Wu.',	NULL,	'2017-09-05 13:40:20',	'2017-09-05 13:40:20'),
(25,	'VALENTINAMINATI@VIRGILIO.IT',	'$2y$10$7Vp3S1jOi2ZOj1DInyM3JO1QiOwxSe6PcZiSVMEQlj8a.NKM.FRSm',	NULL,	'2017-09-05 17:53:59',	'2017-09-05 17:53:59'),
(26,	'frizzon@libero.it',	'$2y$10$gzBND24l3zwnNDveObuHlO4cU4zx7G8c7W0xIPex2yD5t8mHM28yK',	NULL,	'2017-09-05 18:03:18',	'2017-09-05 18:03:18'),
(27,	'patriziasacchet@tiscali.it',	'$2y$10$Efz/WQfD5ItPw6LOn93UleCopnlLMOIO9z1pfZdduXr6Ux7Dwy8OC',	NULL,	'2017-09-05 18:07:21',	'2017-09-05 18:07:21'),
(28,	'plicchiolv@yahoo.it',	'$2y$10$gwYY6iqAsFWjB.fcaJJ9NuiJqb.qXF88tzlrJpun0sd259LQ.q2CS',	NULL,	'2017-09-06 13:26:02',	'2017-09-06 13:26:02'),
(29,	'emilianogc@libero.it',	'$2y$10$cOLg373GrLmv3RVMnFEJd.CHTGzKdIoxJA/CuzVMFkAmle43QbWpG',	NULL,	'2017-09-06 14:48:46',	'2017-09-06 14:48:46'),
(30,	'walesa84@gmail.com',	'$2y$10$b7YUtRv9mKpFIUYWSmqlxe5i2NHJfHYaBk6ep8tFFck77.Yd2nFrC',	NULL,	'2017-09-06 16:21:42',	'2017-09-06 16:21:42'),
(31,	'claudiomazzocato@ngi.it',	'$2y$10$lSKVHz0wKROWL40OoNHOuuHVRGquxVhCFFOVYj9PhzufGpXnRRXjq',	NULL,	'2017-09-06 17:14:44',	'2017-09-06 17:14:44'),
(32,	'alext@123mail.org',	'$2y$10$W0Gtdm07QF2fg7yM8nD.Te9FnKkG0AQOGPqxVBGG7MkHb9SEZflxC',	NULL,	'2017-09-07 13:37:07',	'2017-09-07 13:37:07'),
(34,	'marco.ferazzoli@gmail.com',	'$2y$10$r5K.cMkemnwYbAuU1c6OSu5rhyYVZsDh5yUuky3INenV7AiuBeUuS',	NULL,	'2018-08-11 20:11:24',	'2022-09-05 16:53:16'),
(35,	'jacofda_temp@gmail.com',	'$2y$10$VYar/iFMTLI1LfTtuxYqXuw80FXYM9zJlxyU1JVPMU2NJovBhQQ4e',	'Wkh6CSvlvgQDANHqryUHMs2rNp8SLr3ilx6tWNdhaBiJJBzUbzNdNvvV02VJ',	'2018-08-12 21:01:07',	'2018-08-12 21:01:07'),
(36,	'campanalaura85@gmail.com',	'$2y$10$0MLRmNWInOFVd79bVPVMV.2kklyznWFITiz3xBi.NqTKJSAthaH..',	NULL,	'2018-08-20 12:12:32',	'2018-08-20 12:12:32'),
(37,	'fabillesi@gmail.com',	'$2y$10$n7TtNFGJ7deCJAErIigSyObljD9hOXggZZNY3KdwJ2FbVFWrt57oy',	NULL,	'2018-08-22 01:46:02',	'2018-08-22 01:46:02'),
(38,	'andrea.okroglic@gmail.com',	'$2y$10$wAFVL4IP.OEEQjv7X4IhOeyTsPeS9W40JTssMCbw3YY7y9WzdTDBm',	NULL,	'2018-08-23 00:14:33',	'2018-08-23 00:14:33'),
(39,	'battaglinmarco.mb@gmail.com',	'$2y$10$jLvA2r4fDRpLO2cQklB3W.scfQxtCO1cGrkYMbjvaJD2lx5a7btqy',	'O4CjCaKgRToBugmQN3ClgNbyp7YQcTU9XVme2wPkvkLBGKBecLYhXhHs6Or4',	'2018-08-27 22:48:36',	'2018-08-27 22:48:36'),
(40,	'andrea_campana_pove@hotmail.it',	'$2y$10$oo02omLkWZWt9XIx..OOF.N0U7puSGjlisliTz4CpABpt59HyfnTy',	NULL,	'2018-08-30 05:01:58',	'2018-08-30 05:01:58'),
(41,	'caterinareffo@gmail.com',	'$2y$10$hKFr.5NNOaA7yUxUgpYYbOgMVBc3HItefWdgcXR.yCBLjnRBvABT6',	NULL,	'2018-08-30 16:40:24',	'2018-08-30 16:40:24'),
(42,	'emilio.testa.clyv@alice.it',	'$2y$10$BKOBOAfCSSt6SAfSIt7QtOac816VKuJ47HvaTatWLF3vYODYkLfgq',	NULL,	'2018-08-30 23:29:38',	'2018-08-30 23:29:38'),
(43,	'robymir79@gmail.com',	'$2y$10$fvh7NGUUeIQ3ieUHKaVHnelgIzMhJJhXyMeWCUgzQPhe0zHMf3q1q',	NULL,	'2018-08-31 01:12:49',	'2018-08-31 01:12:49'),
(44,	'temide.gv@gmail.com',	'$2y$10$sMvaHnPBdYfNOJv6p2jHguAONqzaYxQYRrf4bwIPJ1QUHUh9oSrn.',	'16DnvkE4K22ojWlifI29AtRKAW07Z0ylhgUsCFMu6ZlPnh2fQZfxrAtXJAD5',	'2018-09-02 14:15:45',	'2019-09-04 16:07:53'),
(45,	'lormaill75@gmail.com',	'$2y$10$3ZFJqt4rq/CEXdhYtiPwduu4b37gm7B.YolmFUhelfZM1fGQDXxmq',	'FPmakAZ64yVPp8AI6qj9xIxbNjmr9F0ek65dSCwv8yBGNSa1uW3C5bQF6WHu',	'2018-09-04 21:39:03',	'2018-09-04 21:39:03'),
(46,	'raffaele.fantinato@gmail.com',	'$2y$10$X9EOakQFKis9idHbIid5KOHPvgtkroTXCLjb2lKp3Vlw4TajxHATq',	NULL,	'2018-09-05 15:39:01',	'2018-09-05 15:39:01'),
(47,	'robertosei@gmail.com',	'$2y$10$/D6.I.x4j.cWKH0cyVy1Pu73TZVWS5ccLQ6BbBDgd0Iu5SBJvZUCG',	NULL,	'2018-09-05 16:34:50',	'2018-09-05 16:34:50'),
(48,	'nicktag@alice.it',	'$2y$10$WaZu/HPx5kjB/nixO9ENWOHJ8jKrW2i61IoIwEktXM8hC7E38cvkG',	NULL,	'2018-09-05 17:36:51',	'2018-09-05 17:36:51'),
(49,	'claudiadalmo@gmail.com',	'$2y$10$XC9atnV/EOGwYK8YUC9iOu.FkpW9DtAgp1bO8sS2PBoXVx/OXv4Ma',	NULL,	'2018-09-05 23:31:30',	'2018-09-05 23:31:30'),
(50,	'xeel82@gmail.com',	'$2y$10$JjsV8O16yNciqlnsqxIQWuxY5WLyF2C30O6.wrOZEbsVD708lfZte',	'Xhs7DqbwojJKVUPw9ViD08zi7tmPDY2KhH7ahfE2RyYWq9SLo5PnO6yxCb2d',	'2018-09-06 00:56:00',	'2022-09-07 13:18:49'),
(51,	'fedesavio69@gmail.com',	'$2y$10$I6xyMu7A60RTyjjhHgp1HO0vJaNZkdXfgjpmbxBkIbS6iBQGncaAe',	'HUJrWhObO7mEMf0SWsHdPv4ElhvhPS7UDaHIEfwqs6IFSStjjFia0MAawsNm',	'2018-09-06 11:24:22',	'2018-09-06 13:51:01'),
(52,	'stelvio.zarpellon@gmail.com',	'$2y$10$i9pxIdIGs6ZBLMcS4B3py.9sWo9k4cuU6GZ8vV0BeuYzJVX2HH7n.',	NULL,	'2018-09-06 18:14:53',	'2018-09-06 18:14:53'),
(53,	'roberto.pellix@gmail.com',	'$2y$10$8chELjHpsiZK7/4EcZwkBOeYkLxIoD7uKYxWNiNsX5BQi3XrT03AO',	NULL,	'2018-09-07 10:53:45',	'2018-09-07 10:53:45'),
(54,	'komaff@gmail.com',	'$2y$10$tgAys05wEB2knrTXpB3GoOFvFfnpDaiTdCo.53fRWUhEZTUqmH/BG',	NULL,	'2018-09-08 18:20:10',	'2018-09-08 18:20:10'),
(55,	'Vanzo.giulia@gmail.com',	'$2y$10$xZ493lcqf56cLMP2xi1jk.KJhiZQGGCiFauRaQWRqtKDolCG0/7km',	NULL,	'2019-08-22 10:21:22',	'2019-08-22 10:21:22'),
(56,	'chiaraceccon1999@gmail.com',	'$2y$10$STeA4OVpLoXb/jUvqOZTEO4veGI2d9Ut6N/Gnjkl94LkvY3fWoEL.',	NULL,	'2019-08-24 12:05:01',	'2019-08-24 12:05:01'),
(57,	'ireferrazzi.if@gmail.com',	'$2y$10$jedM7xKZyzmuI5q7LtO7zOffs.dFjVk2TRXDaBKNUpCd.nvdfeaD.',	NULL,	'2019-08-25 15:40:39',	'2019-08-25 15:40:39'),
(58,	'mercandelli83@gmail.com',	'$2y$10$0JjKV28smCOIWdB2cg68wOIYv2WiI7azkbClgdL0Ywz.9yO28JYLq',	NULL,	'2019-08-30 15:47:40',	'2019-08-30 15:47:40'),
(59,	'paulneal5778@gmail.com',	'$2y$10$Ucp4k0OJkSejw5/LP6sF1.R2jXDEZLHWL/aOulVpyQQjvdQ8zIL4i',	NULL,	'2019-08-31 14:14:39',	'2019-08-31 14:14:39'),
(60,	'boa1987@gmail.com',	'$2y$10$182Bgt.qg5A0DXjoRwgjq.aQ/0TKOsUzUG6864nDLlSvZaKAScwV.',	NULL,	'2019-09-01 12:07:07',	'2019-09-01 12:07:07'),
(61,	'hellishrustle@gmail.com',	'$2y$10$jsaklOym19TTMZpSAMd3muIBB8VWq6t3JJklf2HsbvlFDNIWMwASe',	NULL,	'2019-09-02 09:25:47',	'2019-09-02 09:25:47'),
(62,	'silvio.borso@gmail.com',	'$2y$10$IDLFryNlFadZVjUNlFaQdegXetXIJcZYfZ.0GW0wt9xfQtsmYUL26',	NULL,	'2019-09-03 08:17:21',	'2019-09-03 08:17:21'),
(63,	'rioma1428@gmail.com',	'$2y$10$KtEHdhX3Rgiez//x6g8rmuRsbqEgCZoOjLKUVbX4ZDs/3yvu9qf9e',	NULL,	'2019-09-03 14:50:03',	'2019-09-03 14:50:03'),
(64,	'pavanellosrl@gmail.com',	'$2y$10$3v5a3coNw5GtUhvkvFXbpuC7Vps6BwZUNWUErrSnL/BejC8LH5awi',	NULL,	'2019-09-04 10:37:28',	'2019-09-04 10:37:28'),
(65,	'liamvolto@gmail.com',	'$2y$10$lQvjYwpzVA9HksvCsklqI.0SYIIiLFUPYSnpt46TnUyOA95tFms.e',	NULL,	'2019-09-04 12:09:25',	'2019-09-04 12:09:25'),
(66,	'geomlara@yahoo.it',	'$2y$10$r6zJPpbPup40Yq/E/4iVBevQc108cy8yG4McZVwGVOHP4R2DN5DZi',	NULL,	'2019-09-05 06:28:25',	'2019-09-05 06:28:25'),
(67,	'peterhubbard3972@gmail.com',	'$2y$10$/FJLY8YWEAQmV6ERRj.t0.DCODCVE2u84V2TPDcyWmK5vQLrWbFhS',	NULL,	'2019-09-07 18:00:39',	'2019-09-07 18:00:39'),
(68,	'davidfrench8868@gmail.com',	'$2y$10$GvosnejAwZHmvxfkVQB9iOHXK97rGrezNu30cV4NNvCwBAL2gLZ42',	NULL,	'2019-10-19 00:01:17',	'2019-10-19 00:01:17'),
(69,	'egbertharris80@gmail.com',	'$2y$10$u46pikpQVhWrh0lR.1ViXuI.X/q2oM9DZN8f7a5ZMBzkBwmAMQRCC',	NULL,	'2019-12-13 17:52:38',	'2019-12-13 17:52:38'),
(70,	'daviddaniel9655@gmail.com',	'$2y$10$pXgoQ/.6zbBJGSwrRNWhAuDRwYjPmLxw6HGBMTwrgr7n6CV3qSsou',	NULL,	'2020-01-26 23:56:04',	'2020-01-26 23:56:04'),
(71,	'dinahreed980@gmail.com',	'$2y$10$CkAi842Xkeg07DMX2vKR6.hlBE8HeJGWPnWmPYIluU9U1QazOAJAu',	NULL,	'2020-02-07 03:48:04',	'2020-02-07 03:48:04'),
(72,	'lisawalsh5619@gmail.com',	'$2y$10$5Itx/aHNhnsqxRro.MGaKePi2GljNUVRt.okxSJnaJ67ODhUWPBIi',	NULL,	'2020-03-22 18:10:26',	'2020-03-22 18:10:26'),
(73,	'peterking6599@gmail.com',	'$2y$10$2tCHIXYT6vK3vw.kewb6T.AhAsNL6.VcFhupicvlnVwxEl1.Xk3NK',	NULL,	'2020-04-23 22:45:08',	'2020-04-23 22:45:08'),
(74,	'oswaldbenson404@gmail.com',	'$2y$10$2PacFy5qjBoxzQgcqPPOsuBe3segoOmfBCPG0JeX1vVULIB8wPvNa',	NULL,	'2020-06-02 23:59:15',	'2020-06-02 23:59:15'),
(75,	'stonepaul796@gmail.com',	'$2y$10$YCWWXBXT1DHzF1ZjhvFrRuXKrzjmiemR2KDxftRAWNIIJXNZMN1sm',	NULL,	'2020-06-09 15:45:33',	'2020-06-09 15:45:33'),
(76,	'esmondmcbride845@gmail.com',	'$2y$10$goLWssgJEJ2floHyNGzTee1xTnL9z4DvV25eYu0YZ/UnNHZfKNs5u',	NULL,	'2020-07-11 05:45:23',	'2020-07-11 05:45:23'),
(77,	'normanrbert@gmail.com',	'$2y$10$mGAiHNjgBbgWE3YlCoT8heyZnOUrZ5ihiYliyUtYQlc8GtLktIi46',	NULL,	'2020-07-19 08:58:17',	'2020-07-19 08:58:17'),
(78,	'alshethan919@gmail.com',	'$2y$10$WjsuYsGEcRGWuvHS/IBBquPZhxfOGhzPbi/AWOBPiliFd1Zr2kYJq',	NULL,	'2020-08-26 23:03:16',	'2020-08-26 23:03:16'),
(79,	'daniellamcaniel@gmail.com',	'$2y$10$UiauB3Z2zLflbbdenANTfOWjrG3uCflMRc41Cpa7MK2tDO2tV5RTK',	NULL,	'2020-09-16 03:07:41',	'2020-09-16 03:07:41'),
(80,	'rectsomja@gmail.com',	'$2y$10$rHvtTVOBFZaZ6nxeE/oJqudXEw9eB1hwv656OgjPWPWbhrl/ZEROS',	NULL,	'2020-09-26 23:21:08',	'2020-09-26 23:21:08'),
(81,	'jacofda@gmail.com',	'$2y$10$aLXvMbCezMSOvRr0YyqJ/eyXXUOmunGxZSysKIn5n70VTITPtMDzy',	NULL,	'2022-08-26 21:25:15',	'2022-08-26 21:25:15'),
(82,	'mphillipmos5i45r4t45@outlook.com',	'$2y$10$6PJ8XoUWPrOLm9wgJtIMVe5oAnZf8rqan0UknQKbUxrMckPWEFrci',	NULL,	'2022-08-27 07:15:57',	'2022-08-27 07:15:57'),
(83,	'burlon.veronica@gmail.com',	'$2y$10$cJjYuERlpgQp2b7PX63HSOwV9k32roNdPWQUpq.8dBPWaFszRnC02',	NULL,	'2022-08-27 16:13:26',	'2022-08-27 16:13:26'),
(84,	'egle.tonin@gmail.com',	'$2y$10$OPQdVt1igDzqFQkVSGX1ne4oevAQoQXLIGzvbjrDu6t.QBXXCBg4S',	NULL,	'2022-08-28 20:43:25',	'2022-08-28 20:43:25'),
(85,	'micviona@gmail.com',	'$2y$10$5t4c3AxMlKgb8pphwQ5KHOdP7rDxuMIkzyWoP/VC170j8OT9QFiLC',	NULL,	'2022-08-29 06:43:20',	'2022-08-29 06:43:20'),
(86,	'mauro.carriero@alice.it',	'$2y$10$Y31ibWJWHotXTaoNNEkKme.8MRyfuHjS41wr97OgNnGvrDwoKKpeG',	NULL,	'2022-08-29 08:11:34',	'2022-08-29 08:11:34'),
(87,	'info@fattoriapiovega.it',	'$2y$10$VVe0gCh2ONig/KSc7i4OsO0kRvtpaHQLCptJoeFBYYqgcsfQ5sK7u',	NULL,	'2022-08-29 11:57:37',	'2022-08-29 11:57:37'),
(88,	'serafiniroberta@gmail.com',	'$2y$10$GRdVtapAqa69UCfagb2JOe9/qt6bOZyCUceoz/iRnbC6AMMB4wMlm',	NULL,	'2022-08-31 08:39:59',	'2022-08-31 08:39:59'),
(89,	'sabrina.margon@gmail.com',	'$2y$10$BlGn6HQCDUiVpDX9yM3I7.XOOnLb4eCC3XtYYcDyeGIZrDhop6E6e',	NULL,	'2022-08-31 09:09:25',	'2022-08-31 09:09:25'),
(90,	'silvia_sweet14@hotmail.it',	'$2y$10$mbLgnH9DZsBdCwJz9Ryezut6g6VDRW9/9eRVgqyVSyWLToscNek2K',	NULL,	'2022-08-31 17:24:53',	'2022-08-31 17:24:53'),
(91,	'mauroppiu@gmail.com',	'$2y$10$Y4IwlVyTKYdwUE/cmPnf/OMuSm4sdmy9BUl5pCby0lYtGQY83khti',	NULL,	'2022-09-02 18:14:15',	'2022-09-02 18:14:15'),
(92,	'eleonoragrando@gmail.com',	'$2y$10$FiP4LdlAkCnJrTUki09pO.uH5QbPa5Mm3K8D3PQwrH62gRl.xk99i',	NULL,	'2022-09-03 13:49:14',	'2022-09-03 13:49:14'),
(93,	'qkaithlyne3eadk7qy@outlook.com',	'$2y$10$asde3l5FSn2KX6ydO.9cxuVWysQL.hyLgIRuXXsZApvz8epV7Nh92',	NULL,	'2022-09-03 17:41:36',	'2022-09-03 17:41:36'),
(94,	'fra_stra1977@hotmail.it',	'$2y$10$AGEjPM.PEp6BSMxOfHaOsORQG2fI2sId1iJiqVRepAQL4gBymITo6',	NULL,	'2022-09-04 08:01:53',	'2022-09-04 08:01:53'),
(95,	'ronika8fa1hr04e2@outlook.com',	'$2y$10$mS025zPWHwujDV8.UkzKxeta/3bQkFH/NWWDrtLvWdIVjuWXEPGja',	NULL,	'2022-09-04 15:25:30',	'2022-09-04 15:25:30'),
(96,	'konfine@gmail.com',	'$2y$10$iIFnXjj3l5FnBJ2p8wILRuXFrN8ULKmKSO32Xaulx5D.tK8pQH8Hm',	NULL,	'2022-09-04 18:19:52',	'2022-09-04 18:19:52'),
(97,	'esempio13@icloud.com',	'$2y$10$PcziU6tJAWawOUVjiiUBJO8/ZyEc6H/W0..leKK0cqpCBZmHnt4DW',	NULL,	'2022-09-04 19:10:15',	'2022-09-04 19:10:15'),
(98,	'gianniderossi.tv@libero.it',	'$2y$10$Hj/12/a/Z.yVCZKaOwtcxu8qs11oXvUJDz8bjJk0TQRXquj7a8Lau',	NULL,	'2022-09-05 05:39:21',	'2022-09-05 05:39:21'),
(99,	'info@dandyadv.com',	'$2y$10$lMYjiVGRJod0i25kS5nZL.ihpysTk15ESfc8lJ8K7toyH5qfuUxB.',	NULL,	'2022-09-05 08:05:20',	'2022-09-05 08:05:20'),
(100,	'andreagrigoletto73@gmail.com',	'$2y$10$4r4JQNFkNG71PzFBRGclvectu9kFBSBOjqZidvONm9YyYzH8hFjMi',	NULL,	'2022-09-05 21:32:08',	'2022-09-05 21:32:08'),
(101,	'ash_782@alice.it',	'$2y$10$V8vctBA09Zab40jhe6FgXuQNCrQjGAVS.wQ0W36oV4hOdKByG7kYK',	NULL,	'2022-09-06 07:59:42',	'2022-09-06 07:59:42'),
(102,	'caregnatoerika@gmail.com',	'$2y$10$6DZgyqCfFmXI/v7FhOeuJuBo.pZmaaNHft/G3f37ldQbLlPOai4Ru',	NULL,	'2022-09-06 15:28:37',	'2022-09-06 15:28:37'),
(103,	'supermomu@yahoo.it',	'$2y$10$3NDeuUkp/caV9w/D614pXuLowr94R0U9KB8vP1FsJEcUNp.Uy8vLe',	NULL,	'2022-09-06 16:06:54',	'2022-09-06 16:06:54'),
(104,	'sminet@hotmail.it',	'$2y$10$iuXiRf79sAEy5o.jxGifTuXwJ5KTboNqsT97xXKAyHUO3AbRk5Lim',	NULL,	'2022-09-07 10:13:48',	'2022-09-07 10:13:48'),
(105,	'dallagnolteo@gmail.com',	'$2y$10$56g7xCBLW0ISjSve7ueeLevOJ4fudON8UaFdMRh5i75olrGWbhrxq',	NULL,	'2022-09-07 13:16:05',	'2022-09-07 13:16:05'),
(106,	'angelo.locritani@gmail.com',	'$2y$10$DBrmKZpXTo796g9fe.m1eOMeDq87fS7E.qWcRSiBW5zC/ZEBnRgqm',	NULL,	'2022-09-07 17:28:56',	'2022-09-07 17:28:56'),
(107,	'Sarah_Haigh@yahoo.co.uk',	'$2y$10$HOgGCgPRxDGKc0lolfq/nevJ8I7ylACNge4smi.T5S46ubgT95E9W',	NULL,	'2022-09-07 17:31:55',	'2022-09-07 17:31:55'),
(108,	'viecelimassimo@gmail.com',	'$2y$10$p97gyOoj26/htVd2FLtZL.3nyzA2UooPgMNtCAhGYM6oi7.yJATzm',	NULL,	'2022-09-07 17:38:31',	'2022-09-07 17:38:31'),
(109,	'stefanovieceli@outlook.it',	'$2y$10$t9hlLyV.Ui.5n8kf724JKOoAw7unpRjyjDtIssPhaqAg8CK7Ude8W',	NULL,	'2022-09-07 17:57:28',	'2022-09-07 17:57:28'),
(110,	'mazzocchijosemaria@gmail.com',	'$2y$10$cucmricGcdTpUfrIgSLGhuJj05mLJGyRZGr9WQblEAeKPW/2ibd36',	NULL,	'2022-09-07 18:02:48',	'2022-09-07 18:02:48'),
(111,	'valentinasegnana.86@gmail.com',	'$2y$10$EvEuwVVgnmf0dXbcqabmSOaZoQk6BzjirQgYwzfZiC/7uAgvx8sSO',	NULL,	'2022-09-08 05:06:53',	'2022-09-08 05:06:53'),
(112,	'cecilia.82@live.it',	'$2y$10$pmiJPqRY6dSlBWC1qau1e.aNHKwIcjgsHT28SbB1VY0PYSk6dJKTa',	NULL,	'2022-09-08 05:16:09',	'2022-09-08 05:16:09'),
(113,	'devis.maddalozzo@gmail.com',	'$2y$10$.KFA.1n5okHz3z3QixCO5.CKwfH9FFqt0WXE3GNPJC3chjTXyr5jK',	NULL,	'2022-09-08 07:20:33',	'2022-09-08 07:20:33'),
(114,	'zambe8coin@gmail.com',	'$2y$10$pC70AoMAdCIhiDIC3OiO0uNb.7vV4DqqhGTUpg9.boaUIPk1SnxIy',	NULL,	'2022-09-08 08:02:02',	'2022-09-08 08:02:02'),
(115,	'alessio_nos83@yahoo.it',	'$2y$10$KGKLmAmgebbBTk1dEtDje.PYWxg3Jq.u0cFt9bIABmkXoP0pFZBOm',	NULL,	'2022-09-08 08:25:34',	'2022-09-08 08:25:34'),
(116,	'pradelsara@gmail.com',	'$2y$10$M4StvJOmDJOotjoBEFsCYOwT4Oh7mZZiMOewWTRsD/7B1FFDMkQJm',	NULL,	'2022-09-08 11:32:01',	'2022-09-08 11:32:01'),
(117,	'morenafantin@yahoo.com',	'$2y$10$YZyzkwQGlsUpwgeo.f6fAuteJ15t4s1MjY5ZGrS0GWM..9jnjk8p6',	NULL,	'2022-09-09 19:00:59',	'2022-09-09 19:00:59'),
(118,	'feaily496@gmail.com',	'$2y$10$XrKBaiNkeiwTWCsGpMa63uePMOalGSHy6wazQkEJBCRtT8ywzDvrG',	NULL,	'2022-09-10 10:37:23',	'2022-09-10 10:37:23'),
(119,	'loredanazannoni@libeto.it',	'$2y$10$L04.nhJSMjo8gz14XHnc7OsCKa05aEq80B684Qc0CUIhWCN73OEeW',	NULL,	'2022-09-10 16:33:08',	'2022-09-10 16:33:08'),
(120,	'eleonora_pasquazzo@yahoo.it',	'$2y$10$enH2LfGyAWX.wHF/PzIFQuW4rY5yX9poDKwovKYm0whk8M943k8k2',	NULL,	'2022-09-10 17:22:52',	'2022-09-10 17:22:52'),
(121,	'rakele1422@gmail.com',	'$2y$10$oOw.mJXyK0pXSfS3MyZsru6uTV1A/nmjgyigj4V19VIoioL5iIaGe',	NULL,	'2022-09-10 23:35:16',	'2022-09-10 23:35:16');

DROP TABLE IF EXISTS `videos`;
CREATE TABLE `videos` (
  `id` int(10) unsigned NOT NULL AUTO_INCREMENT,
  `name` varchar(191) NOT NULL,
  `slug` varchar(191) NOT NULL,
  `description` text NOT NULL,
  `embed` varchar(191) NOT NULL,
  `created_at` timestamp NULL DEFAULT NULL,
  `updated_at` timestamp NULL DEFAULT NULL,
  PRIMARY KEY (`id`)
) ENGINE=InnoDB DEFAULT CHARSET=utf8mb4 COLLATE=utf8mb4_unicode_ci;

INSERT INTO `videos` (`id`, `name`, `slug`, `description`, `embed`, `created_at`, `updated_at`) VALUES
(1,	'Scala dei Sapori 2014 (video)',	'scala-dei-sapori-2014-video',	'<p><span style=\"color: rgb(95, 95, 95); font-family: &quot;Open Sans&quot;, arial, sans-serif; font-size: 16px;\">Tre minuti presi dall\'edizione del 2014, con riprese aeree e sul terreno, per farsi un\'idea sulla Scala Dei Sapori.</span><br></p>',	'https://www.youtube.com/embed/yVxyAnVX4ic',	'2014-10-01 05:07:34',	'2017-05-01 05:13:14'),
(2,	'Edizione 2013',	'edizione-2013',	'<p><span style=\"color: rgb(95, 95, 95); font-family: &quot;Open Sans&quot;, arial, sans-serif; font-size: 16px;\">Edizione del 2013, con qualche intervista alle associazioni e ai rappresentanti degli stands. 30minuti.</span><br></p>',	'https://www.youtube.com/embed/CJCZr9oEDrY',	'2013-10-01 02:10:12',	'2017-05-01 03:12:51'),
(3,	'Ninna Nanna - Inaugurazione Piazza',	'ninna-nanna-inaugurazione-piazza',	'<p><span style=\"color: rgb(95, 95, 95); font-family: &quot;Open Sans&quot;, arial, sans-serif; font-size: 16px;\">Serata inaugurale della scala dei sapori 2015 e della nuova Piazza di Primolano. Un video della ninna nanna cantata da P.P.</span><br></p>',	'https://www.youtube.com/embed/FzGRsQnurVg',	'2015-10-01 05:15:10',	'2017-05-01 05:15:10'),
(4,	'FelicePantone',	'felicepantone',	'<p><span style=\"color: rgb(95, 95, 95); font-family: &quot;Open Sans&quot;, arial, sans-serif; font-size: 16px;\">Un simpatico musico cantastorie alla manifestazione della scala dei sapori.</span><br></p>',	'https://www.youtube.com/embed/98_BT_geOWo',	'2015-10-01 05:16:02',	'2017-05-01 05:16:02'),
(5,	'Marionette Galera',	'marionette-galera',	'<p><span style=\"color: rgb(95, 95, 95); font-family: &quot;Open Sans&quot;, arial, sans-serif; font-size: 16px;\">El prete, la finanza el tabacco</span><br></p>',	'https://www.youtube.com/embed/T5FpS1-VE5g',	'2015-10-01 05:16:56',	'2017-05-01 05:16:56'),
(6,	'Il Tabacco di Luciano',	'il-tabacco-di-luciano',	'<p><span style=\"color: rgb(95, 95, 95); font-family: &quot;Open Sans&quot;, arial, sans-serif; font-size: 16px;\">Il Tabacco di Luciano - CONTRA CA\' CORNARO PALIO DI ROMANO</span><br style=\"color: rgb(95, 95, 95); font-family: &quot;Open Sans&quot;, arial, sans-serif; font-size: 16px;\"><span style=\"color: rgb(95, 95, 95); font-family: &quot;Open Sans&quot;, arial, sans-serif; font-size: 16px;\">In piazza Libertà a Primolano, in occasione della manifestazione la \"Scala dei Sapori\", Luciano ha presentato la suo piccola produzione di tabacco, con storie e aneddoti dei tempi passati.</span><br></p>',	'https://www.youtube.com/embed/e6d-FfPwDwU',	'2015-10-01 05:45:51',	'2017-05-01 05:45:51'),
(7,	'Artisti di strada',	'artisti-di-strada',	'<p><span style=\"color: rgb(95, 95, 95); font-family: &quot;Open Sans&quot;, arial, sans-serif; font-size: 16px;\">Un simpatico mimo in piazza libertà, alla scala dei sapori edizione 2015</span><br style=\"color: rgb(95, 95, 95); font-family: &quot;Open Sans&quot;, arial, sans-serif; font-size: 16px;\"><span style=\"color: rgb(95, 95, 95); font-family: &quot;Open Sans&quot;, arial, sans-serif; font-size: 16px;\">Primolano 13 settembre 2015</span><br></p>',	'https://www.youtube.com/embed/i-HPw_3oygQ',	'2015-10-01 05:46:37',	'2017-05-01 05:46:37'),
(8,	'Scala dei Sapori 2015',	'scala-dei-sapori-2015',	'<p><span style=\"color: rgb(95, 95, 95); font-family: &quot;Open Sans&quot;, arial, sans-serif; font-size: 16px;\">Ecco il video ufficiale della Scala dei Sapori 2015. Ci scusiamo per il ritardo, ma MEGLIO TARDI CHE MAI!!!</span><br style=\"color: rgb(95, 95, 95); font-family: &quot;Open Sans&quot;, arial, sans-serif; font-size: 16px;\"><span style=\"color: rgb(95, 95, 95); font-family: &quot;Open Sans&quot;, arial, sans-serif; font-size: 16px;\">Un grazie a tutti e buona visione</span><br></p>',	'https://www.youtube.com/embed/gHOB-AWbIQU',	'2015-10-01 05:47:31',	'2017-05-01 05:47:31');

-- 2026-01-18 14:38:39